contrast,feature_method,K,metric,seeds,n_pairs,mean_delta,sd_delta,median_delta,iqr_delta,ci95_low,ci95_high,hedges_g,sign_flip_p,deltas,sign_flip_p_holm
A-B (B-A),PCA,3,accuracy,42,1,-0.011666666666666603,,-0.011666666666666603,0.0,,,,1.0,-0.0116667,1.0
A-B (B-A),PCA,3,f1_macro,42,1,-0.010714523648678198,,-0.010714523648678198,0.0,,,,1.0,-0.0107145,1.0
A-B (B-A),PCA,3,min_separation_ratio,42,1,0.5224421941163907,,0.5224421941163907,0.0,,,,1.0,0.522442,1.0
A-B (B-A),PCA,3,yodd_norm_fraction,42,1,0.0,,0.0,0.0,,,,1.0,0,
A-C (C-A),PCA,3,accuracy,42,1,-0.008333333333333304,,-0.008333333333333304,0.0,,,,1.0,-0.00833333,1.0
A-C (C-A),PCA,3,f1_macro,42,1,-0.009567068105318377,,-0.009567068105318377,0.0,,,,1.0,-0.00956707,1.0
A-C (C-A),PCA,3,min_separation_ratio,42,1,0.359905638307645,,0.359905638307645,0.0,,,,1.0,0.359906,1.0
A-C (C-A),PCA,3,yodd_norm_fraction,42,1,0.4002999854128092,,0.4002999854128092,0.0,,,,1.0,0.4003,
B-D (D-B),PCA,3,accuracy,42,1,0.04166666666666663,,0.04166666666666663,0.0,,,,1.0,0.0416667,1.0
B-D (D-B),PCA,3,f1_macro,42,1,0.04115057995815885,,0.04115057995815885,0.0,,,,1.0,0.0411506,1.0
B-D (D-B),PCA,3,min_separation_ratio,42,1,-0.32752975669935597,,-0.32752975669935597,0.0,,,,1.0,-0.32753,1.0
B-D (D-B),PCA,3,yodd_norm_fraction,42,1,0.5528566141816161,,0.5528566141816161,0.0,,,,1.0,0.552857,
C-D (D-C),PCA,3,accuracy,42,1,0.03833333333333333,,0.03833333333333333,0.0,,,,1.0,0.0383333,1.0
C-D (D-C),PCA,3,f1_macro,42,1,0.04000312441479903,,0.04000312441479903,0.0,,,,1.0,0.0400031,1.0
C-D (D-C),PCA,3,min_separation_ratio,42,1,-0.16499320089061026,,-0.16499320089061026,0.0,,,,1.0,-0.164993,1.0
C-D (D-C),PCA,3,yodd_norm_fraction,42,1,0.15255662876880693,,0.15255662876880693,0.0,,,,1.0,0.152557,
