run_uid,architecture,feature_method,K,loop,n_params,max_nfev,status,message,nfev,L_x0,L_end,total_improvement,n_star,tail_improvement_last30,threshold_2pct,stopped_by_budget,plateaued
ABL013-S42,MORE-HD-60P,PCA,10,clustering,60,1000,3,Return from COBYLA because the objective function has been evaluated MAXFUN times.,1000,-0.07890716854557614,-0.5503055446306934,0.47139837608511725,656,0.0007757478979604215,0.009427967521702345,True,True
ABL013-S42,MORE-HD-60P,PCA,10,supervised,60,1000,3,Return from COBYLA because the objective function has been evaluated MAXFUN times.,1000,0.42944480603194896,0.341797806299197,0.08764699973275197,849,0.00033875080748585473,0.0017529399946550396,True,True
ABL017-S42,MORE-HD-60P,ZERNIKE,10,clustering,60,1000,3,Return from COBYLA because the objective function has been evaluated MAXFUN times.,1000,-0.05655823412289026,-0.35996523545575226,0.303407001332862,834,0.001086000227311923,0.00606814002665724,True,True
ABL017-S42,MORE-HD-60P,ZERNIKE,10,supervised,60,1000,3,Return from COBYLA because the objective function has been evaluated MAXFUN times.,1000,0.45720530433960976,0.39141183648844136,0.06579346785116841,915,0.0004030390668687822,0.0013158693570233682,True,True
R044-S42,MORE-HD-C,PCA,10,clustering,60,1000,3,Return from COBYLA because the objective function has been evaluated MAXFUN times.,1000,-0.014526319252833212,-0.5226672131603395,0.5081408939075063,691,0.0004382470516398618,0.010162817878150125,True,True
R044-S42,MORE-HD-C,PCA,10,supervised,60,1000,3,Return from COBYLA because the objective function has been evaluated MAXFUN times.,1000,0.44265398613557916,0.37187107354495763,0.07078291259062153,865,0.0002346475101611123,0.0014156582518124305,True,True
R043-S42,MORE-HD,PCA,10,clustering,30,1000,3,Return from COBYLA because the objective function has been evaluated MAXFUN times.,1000,-0.0825704697129113,-0.5356274754091557,0.45305700569624435,583,0.0001839783659102201,0.009061140113924887,True,True
R043-S42,MORE-HD,PCA,10,supervised,30,1000,3,Return from COBYLA because the objective function has been evaluated MAXFUN times.,1000,0.40028243846107986,0.27499727022611625,0.1252851682349636,757,0.00013694029039995614,0.0025057033646992723,True,True
R048-S42,MORE-HD-C,ZERNIKE,10,clustering,60,1000,3,Return from COBYLA because the objective function has been evaluated MAXFUN times.,1000,-0.009699821904058952,-0.37095173723584846,0.3612519153317895,564,0.000394526742731105,0.00722503830663579,True,True
R048-S42,MORE-HD-C,ZERNIKE,10,supervised,60,1000,3,Return from COBYLA because the objective function has been evaluated MAXFUN times.,1000,0.4503346411221837,0.39133321174107666,0.05900142938110703,971,0.001220712321927886,0.0011800285876221407,True,False
R047-S42,MORE-HD,ZERNIKE,10,clustering,30,1000,3,Return from COBYLA because the objective function has been evaluated MAXFUN times.,1000,-0.08347395994160782,-0.33522952311418436,0.2517555631725765,341,0.00020661675955396808,0.005035111263451531,True,True
R047-S42,MORE-HD,ZERNIKE,10,supervised,30,1000,3,Return from COBYLA because the objective function has been evaluated MAXFUN times.,1000,0.5268040228206811,0.42953828912120673,0.09726573369947433,882,0.0002997721530615949,0.0019453146739894867,True,True
R002-S42,MORE-HD-C,PCA,3,clustering,60,1000,3,Return from COBYLA because the objective function has been evaluated MAXFUN times.,1000,-0.009172900786751169,-0.7886109032450137,0.7794380024582626,211,1.1783941314957858e-06,0.015588760049165252,True,True
R002-S42,MORE-HD-C,PCA,3,supervised,60,1000,3,Return from COBYLA because the objective function has been evaluated MAXFUN times.,1000,0.10340005788002164,0.04626425955758939,0.05713579832243225,759,0.00017293197010020966,0.001142715966448645,True,True
R001-S42,MORE-HD,PCA,3,clustering,30,1000,3,Return from COBYLA because the objective function has been evaluated MAXFUN times.,1000,-0.07151795650237779,-0.7877874689439569,0.7162695124415791,293,2.5779956020488548e-05,0.014325390248831582,True,True
R001-S42,MORE-HD,PCA,3,supervised,30,1000,3,Return from COBYLA because the objective function has been evaluated MAXFUN times.,1000,0.13255000990796226,0.06848043659719377,0.06406957331076849,583,4.740801877921308e-05,0.0012813914662153697,True,True
R006-S42,MORE-HD-C,ZERNIKE,3,clustering,60,1000,3,Return from COBYLA because the objective function has been evaluated MAXFUN times.,1000,-0.015808040816614546,-0.8209213414351747,0.8051133006185601,493,0.0006751762490017077,0.016102266012371202,True,True
R006-S42,MORE-HD-C,ZERNIKE,3,supervised,60,1000,3,Return from COBYLA because the objective function has been evaluated MAXFUN times.,1000,0.11406622979324636,0.04344841706275415,0.07061781273049221,948,0.0006261211999558716,0.0014123562546098443,True,True
R005-S42,MORE-HD,ZERNIKE,3,clustering,30,1000,3,Return from COBYLA because the objective function has been evaluated MAXFUN times.,1000,-0.11892400739987734,-0.8144730520627982,0.6955490446629209,833,0.0032208880215506275,0.013910980893258418,True,True
R005-S42,MORE-HD,ZERNIKE,3,supervised,30,1000,3,Return from COBYLA because the objective function has been evaluated MAXFUN times.,1000,0.09152410358488855,0.034539643320379315,0.056984460264509235,833,0.00015077693998171576,0.0011396892052901847,True,True
MREF001-S42,MORE-REPRO,PCA,3,clustering,91,1000,3,Return from COBYLA because the objective function has been evaluated MAXFUN times.,1000,-0.24733638745450212,-0.7967596411526368,0.5494232536981346,821,0.0013884235716739024,0.010988465073962693,True,True
MREF001-S42,MORE-REPRO,PCA,3,supervised,91,1000,3,Return from COBYLA because the objective function has been evaluated MAXFUN times.,1000,0.8440528126166555,0.5213829885533642,0.32266982406329137,855,0.0009769468606607434,0.006453396481265828,True,True
MREF003-S42,MORE-REPRO,ZERNIKE,3,clustering,91,1000,3,Return from COBYLA because the objective function has been evaluated MAXFUN times.,1000,-0.2394970953571175,-0.8241430523079966,0.5846459569508791,436,0.00016134977838377917,0.011692919139017582,True,True
MREF003-S42,MORE-REPRO,ZERNIKE,3,supervised,91,1000,3,Return from COBYLA because the objective function has been evaluated MAXFUN times.,1000,0.7945523121538608,0.34958359450594584,0.44496871764791496,749,0.0009842541713111497,0.0088993743529583,True,True
MREF022-S42,MORE-REPRO,PCA,10,clustering,91,1000,3,Return from COBYLA because the objective function has been evaluated MAXFUN times.,1000,-0.3797079630013902,-0.5625122430885809,0.18280428008719074,586,0.00012244748192269395,0.003656085601743815,True,True
MREF022-S42,MORE-REPRO,PCA,10,supervised,91,1000,3,Return from COBYLA because the objective function has been evaluated MAXFUN times.,1000,0.9193966792933623,0.6834024575695458,0.23599422172381657,937,0.0022130845195483806,0.004719884434476331,True,True
MREF024-S42,MORE-REPRO,ZERNIKE,10,clustering,91,1000,3,Return from COBYLA because the objective function has been evaluated MAXFUN times.,1000,-0.23361020075546177,-0.3655867267693111,0.13197652601384932,758,0.00025349837883503756,0.0026395305202769866,True,True
MREF024-S42,MORE-REPRO,ZERNIKE,10,supervised,91,1000,3,Return from COBYLA because the objective function has been evaluated MAXFUN times.,1000,0.9287461791000765,0.6450353300113159,0.28371084908876065,916,0.002038816109343977,0.005674216981775213,True,True
