contrast,feature_method,K,metric,seeds,n_pairs,mean_delta,sd_delta,median_delta,iqr_delta,ci95_low,ci95_high,hedges_g,sign_flip_p,deltas
A-D (D-A),PCA,3,accuracy,42,1,-0.028333333333333433,,-0.028333333333333433,0.0,,,,1.0,-0.0283333
A-D (D-A),PCA,3,f1_macro,42,1,-0.080658632556878,,-0.080658632556878,0.0,,,,1.0,-0.0806586
A-D (D-A),PCA,3,min_separation_ratio,42,1,-0.00040526475975026044,,-0.00040526475975026044,0.0,,,,1.0,-0.000405265
A-D (D-A),PCA,3,min_separation,42,1,-0.0006078971396253907,,-0.0006078971396253907,0.0,,,,1.0,-0.000607897
A-D (D-A),PCA,3,min_separation_val_ratio,42,1,-0.000326864830490603,,-0.000326864830490603,0.0,,,,1.0,-0.000326865
A-D (D-A),PCA,3,yodd_norm_fraction,42,1,0.9636806804573442,,0.9636806804573442,0.0,,,,1.0,0.963681
A-D (D-A),PCA,10,accuracy,42,1,0.08800000000000002,,0.08800000000000002,0.0,,,,1.0,0.088
A-D (D-A),PCA,10,f1_macro,42,1,0.08828839256511478,,0.08828839256511478,0.0,,,,1.0,0.0882884
A-D (D-A),PCA,10,min_separation_ratio,42,1,0.19759740604734816,,0.19759740604734816,0.0,,,,1.0,0.197597
A-D (D-A),PCA,10,min_separation,42,1,0.21955267338594242,,0.21955267338594242,0.0,,,,1.0,0.219553
A-D (D-A),PCA,10,min_separation_val_ratio,42,1,0.05244669296414831,,0.05244669296414831,0.0,,,,1.0,0.0524467
A-D (D-A),PCA,10,yodd_norm_fraction,42,1,0.5772643384760409,,0.5772643384760409,0.0,,,,1.0,0.577264
A-D (D-A),ZERNIKE,3,accuracy,42,1,0.14500000000000002,,0.14500000000000002,0.0,,,,1.0,0.145
A-D (D-A),ZERNIKE,3,f1_macro,42,1,0.17943534166355013,,0.17943534166355013,0.0,,,,1.0,0.179435
A-D (D-A),ZERNIKE,3,min_separation_ratio,42,1,0.0019475403413144275,,0.0019475403413144275,0.0,,,,1.0,0.00194754
A-D (D-A),ZERNIKE,3,min_separation,42,1,0.002921310511971642,,0.002921310511971642,0.0,,,,1.0,0.00292131
A-D (D-A),ZERNIKE,3,min_separation_val_ratio,42,1,0.010099358669728442,,0.010099358669728442,0.0,,,,1.0,0.0100994
A-D (D-A),ZERNIKE,3,yodd_norm_fraction,42,1,0.34410056171248893,,0.34410056171248893,0.0,,,,1.0,0.344101
A-D (D-A),ZERNIKE,10,accuracy,42,1,0.067,,0.067,0.0,,,,1.0,0.067
A-D (D-A),ZERNIKE,10,f1_macro,42,1,0.07001396113304986,,0.07001396113304986,0.0,,,,1.0,0.070014
A-D (D-A),ZERNIKE,10,min_separation_ratio,42,1,0.007729567998147291,,0.007729567998147291,0.0,,,,1.0,0.00772957
A-D (D-A),ZERNIKE,10,min_separation,42,1,0.008588408886830323,,0.008588408886830323,0.0,,,,1.0,0.00858841
A-D (D-A),ZERNIKE,10,min_separation_val_ratio,42,1,-8.995086655667612e-05,,-8.995086655667612e-05,0.0,,,,1.0,-8.99509e-05
A-D (D-A),ZERNIKE,10,yodd_norm_fraction,42,1,0.1930407301737651,,0.1930407301737651,0.0,,,,1.0,0.193041
