model_code,architecture,feature_method,seed,accuracy,accuracy_merged_6_9,six_nine_confusions,six_nine_confusion_rate,share_of_errors_6_9
B,MORE-HD-60P,PCA,42,0.629,0.6295,1,0.0025,0.0013477088948787063
B,MORE-HD-60P,ZERNIKE,42,0.4305,0.4765,92,0.23,0.08077260755048288
D,MORE-HD-C,PCA,42,0.4955,0.5,9,0.0225,0.008919722497522299
A,MORE-HD,PCA,42,0.4075,0.412,9,0.0225,0.007594936708860759
D,MORE-HD-C,ZERNIKE,42,0.3355,0.3845,98,0.245,0.07373965387509406
A,MORE-HD,ZERNIKE,42,0.2685,0.3075,78,0.195,0.05331510594668489
M,MORE-REPRO,PCA,42,0.15,0.1545,9,0.0225,0.005294117647058823
M,MORE-REPRO,ZERNIKE,42,0.202,0.214,24,0.06,0.015037593984962405
NC,NC,PCA,42,0.756,0.756,0,0.0,0.0
LR,LR,PCA,42,0.797,0.797,0,0.0,0.0
NC,NC,ZERNIKE,42,0.5475,0.5545,14,0.035,0.015469613259668509
LR,LR,ZERNIKE,42,0.6455,0.653,15,0.0375,0.021156558533145273
