contrast,feature_method,K,metric,seeds,n_pairs,mean_delta,sd_delta,median_delta,iqr_delta,ci95_low,ci95_high,hedges_g,sign_flip_p,deltas,MORE_TableI_without_R_pct,MORE_TableI_with_R_pct
M-A (A-M),PCA,3,accuracy,42,1,0.07666666666666666,,0.07666666666666666,0.0,,,,1.0,0.0766667,84.13,88.7
M-A (A-M),PCA,3,f1_macro,42,1,0.06363447581191783,,0.06363447581191783,0.0,,,,1.0,0.0636345,84.13,88.7
M-A (A-M),PCA,3,min_separation,42,1,-0.9124841318156226,,-0.9124841318156226,0.0,,,,1.0,-0.912484,84.13,88.7
M-A (A-M),PCA,3,min_separation_ratio,42,1,-0.6083227545437484,,-0.6083227545437484,0.0,,,,1.0,-0.608323,84.13,88.7
M-A (A-M),PCA,10,accuracy,42,1,0.25749999999999995,,0.25749999999999995,0.0,,,,1.0,0.2575,22.6,27.8
M-A (A-M),PCA,10,f1_macro,42,1,0.24457790152469644,,0.24457790152469644,0.0,,,,1.0,0.244578,22.6,27.8
M-A (A-M),PCA,10,min_separation,42,1,0.024571844567702783,,0.024571844567702783,0.0,,,,1.0,0.0245718,22.6,27.8
M-A (A-M),PCA,10,min_separation_ratio,42,1,0.022114660110932504,,0.022114660110932504,0.0,,,,1.0,0.0221147,22.6,27.8
M-A (A-M),ZERNIKE,3,accuracy,42,1,0.10666666666666669,,0.10666666666666669,0.0,,,,1.0,0.106667,84.13,88.7
M-A (A-M),ZERNIKE,3,f1_macro,42,1,0.06726769281908485,,0.06726769281908485,0.0,,,,1.0,0.0672677,84.13,88.7
M-A (A-M),ZERNIKE,3,min_separation,42,1,-0.05306582210536148,,-0.05306582210536148,0.0,,,,1.0,-0.0530658,84.13,88.7
M-A (A-M),ZERNIKE,3,min_separation_ratio,42,1,-0.03537721473690766,,-0.03537721473690766,0.0,,,,1.0,-0.0353772,84.13,88.7
M-A (A-M),ZERNIKE,10,accuracy,42,1,0.0665,,0.0665,0.0,,,,1.0,0.0665,22.6,27.8
M-A (A-M),ZERNIKE,10,f1_macro,42,1,0.07041331394562841,,0.07041331394562841,0.0,,,,1.0,0.0704133,22.6,27.8
M-A (A-M),ZERNIKE,10,min_separation,42,1,-0.025767164891796757,,-0.025767164891796757,0.0,,,,1.0,-0.0257672,22.6,27.8
M-A (A-M),ZERNIKE,10,min_separation_ratio,42,1,-0.023190448402617077,,-0.023190448402617077,0.0,,,,1.0,-0.0231904,22.6,27.8
M-D (D-M),PCA,3,accuracy,42,1,0.04833333333333323,,0.04833333333333323,0.0,,,,1.0,0.0483333,84.13,88.7
M-D (D-M),PCA,3,f1_macro,42,1,-0.01702415674496016,,-0.01702415674496016,0.0,,,,1.0,-0.0170242,84.13,88.7
M-D (D-M),PCA,3,min_separation,42,1,-0.913092028955248,,-0.913092028955248,0.0,,,,1.0,-0.913092,84.13,88.7
M-D (D-M),PCA,3,min_separation_ratio,42,1,-0.6087280193034987,,-0.6087280193034987,0.0,,,,1.0,-0.608728,84.13,88.7
M-D (D-M),PCA,10,accuracy,42,1,0.34550000000000003,,0.34550000000000003,0.0,,,,1.0,0.3455,22.6,27.8
M-D (D-M),PCA,10,f1_macro,42,1,0.3328662940898112,,0.3328662940898112,0.0,,,,1.0,0.332866,22.6,27.8
M-D (D-M),PCA,10,min_separation,42,1,0.2441245179536452,,0.2441245179536452,0.0,,,,1.0,0.244125,22.6,27.8
M-D (D-M),PCA,10,min_separation_ratio,42,1,0.21971206615828068,,0.21971206615828068,0.0,,,,1.0,0.219712,22.6,27.8
M-D (D-M),ZERNIKE,3,accuracy,42,1,0.2516666666666667,,0.2516666666666667,0.0,,,,1.0,0.251667,84.13,88.7
M-D (D-M),ZERNIKE,3,f1_macro,42,1,0.24670303448263498,,0.24670303448263498,0.0,,,,1.0,0.246703,84.13,88.7
M-D (D-M),ZERNIKE,3,min_separation,42,1,-0.05014451159338984,,-0.05014451159338984,0.0,,,,1.0,-0.0501445,84.13,88.7
M-D (D-M),ZERNIKE,3,min_separation_ratio,42,1,-0.033429674395593224,,-0.033429674395593224,0.0,,,,1.0,-0.0334297,84.13,88.7
M-D (D-M),ZERNIKE,10,accuracy,42,1,0.1335,,0.1335,0.0,,,,1.0,0.1335,22.6,27.8
M-D (D-M),ZERNIKE,10,f1_macro,42,1,0.14042727507867828,,0.14042727507867828,0.0,,,,1.0,0.140427,22.6,27.8
M-D (D-M),ZERNIKE,10,min_separation,42,1,-0.017178756004966433,,-0.017178756004966433,0.0,,,,1.0,-0.0171788,22.6,27.8
M-D (D-M),ZERNIKE,10,min_separation_ratio,42,1,-0.015460880404469787,,-0.015460880404469787,0.0,,,,1.0,-0.0154609,22.6,27.8
