track,model_code,architecture,feature_method,K,n_seeds,seeds,accuracy_mean,accuracy_sd,accuracy_median,accuracy_iqr,f1_macro_mean,f1_macro_sd,f1_macro_median,f1_macro_iqr,min_separation_ratio_mean,min_separation_ratio_sd,min_separation_ratio_median,min_separation_ratio_iqr,min_separation_mean,min_separation_sd,min_separation_median,min_separation_iqr,min_separation_val_ratio_mean,min_separation_val_ratio_sd,min_separation_val_ratio_median,min_separation_val_ratio_iqr,yodd_norm_fraction_mean,yodd_norm_fraction_sd,yodd_norm_fraction_median,yodd_norm_fraction_iqr,runtime_mean_sec,runtime_median_sec,runtime_iqr_sec
ABLATION,B,MORE-HD-60P,PCA,10,1,42,0.629,,0.629,0.0,0.6226885711786141,,0.6226885711786141,0.0,0.16644986373886975,,0.16644986373886975,0.0,0.1849442930431886,,0.1849442930431886,0.0,0.06398383847955968,,0.06398383847955968,0.0,0.0,,0.0,0.0,369.9389273879997,369.9389273879997,0.0
ABLATION,B,MORE-HD-60P,ZERNIKE,10,1,42,0.4305,,0.4305,0.0,0.43451094796606393,,0.43451094796606393,0.0,0.0829984008515737,,0.0829984008515737,0.0,0.09222044539063745,,0.09222044539063745,0.0,0.007432373567899142,,0.007432373567899142,0.0,0.0,,0.0,0.0,371.6729689289996,371.6729689289996,0.0
MORE_REFERENCE,M,MORE-REPRO,PCA,3,1,42,0.6033333333333334,,0.6033333333333334,0.0,0.597765026848581,,0.597765026848581,0.0,0.6087475432306227,,0.6087475432306227,0.0,0.9131213148459341,,0.9131213148459341,0.0,0.027171302591262696,,0.027171302591262696,0.0,0.21865071972778774,,0.21865071972778774,0.0,104.42078640300042,104.42078640300042,0.0
MORE_REFERENCE,M,MORE-REPRO,PCA,10,1,42,0.15,,0.15,0.0,0.14398935935612384,,0.14398935935612384,0.0,0.009617862833829937,,0.009617862833829937,0.0,0.010686514259811042,,0.010686514259811042,0.0,0.0015907119439938831,,0.0015907119439938831,0.0,0.4948087845400794,,0.4948087845400794,0.0,205.21706779499982,205.21706779499982,0.0
MORE_REFERENCE,M,MORE-REPRO,ZERNIKE,3,1,42,0.5433333333333333,,0.5433333333333333,0.0,0.5423899701622866,,0.5423899701622866,0.0,0.04018551845102536,,0.04018551845102536,0.0,0.06027827767653804,,0.06027827767653804,0.0,0.00151744629038153,,0.00151744629038153,0.0,0.6735113710997693,,0.6735113710997693,0.0,106.46344574199975,106.46344574199975,0.0
MORE_REFERENCE,M,MORE-REPRO,ZERNIKE,10,1,42,0.202,,0.202,0.0,0.17987194521876862,,0.17987194521876862,0.0,0.028901917117078166,,0.028901917117078166,0.0,0.032113241241197965,,0.032113241241197965,0.0,0.008466492303310324,,0.008466492303310324,0.0,0.4461853430688944,,0.4461853430688944,0.0,198.28672318900044,198.28672318900044,0.0
PRIMARY,A,MORE-HD,PCA,3,1,42,0.68,,0.68,0.0,0.6613995026604989,,0.6613995026604989,0.0,0.00042478868687430743,,0.00042478868687430743,0.0,0.0006371830303114612,,0.0006371830303114612,0.0,0.0003452639307962209,,0.0003452639307962209,0.0,0.0,,0.0,0.0,165.71566495099978,165.71566495099978,0.0
PRIMARY,A,MORE-HD,PCA,10,1,42,0.4075,,0.4075,0.0,0.3885672608808203,,0.3885672608808203,0.0,0.03173252294476244,,0.03173252294476244,0.0,0.035258358827513825,,0.035258358827513825,0.0,0.013536755884540707,,0.013536755884540707,0.0,0.0,,0.0,0.0,335.3485075080007,335.3485075080007,0.0
PRIMARY,A,MORE-HD,ZERNIKE,3,1,42,0.65,,0.65,0.0,0.6096576629813715,,0.6096576629813715,0.0,0.004808303714117705,,0.004808303714117705,0.0,0.007212455571176557,,0.007212455571176557,0.0,0.001505512611744771,,0.001505512611744771,0.0,0.0,,0.0,0.0,156.25304783200045,156.25304783200045,0.0
PRIMARY,A,MORE-HD,ZERNIKE,10,1,42,0.2685,,0.2685,0.0,0.25028525916439703,,0.25028525916439703,0.0,0.0057114687144610874,,0.0057114687144610874,0.0,0.0063460763494012085,,0.0063460763494012085,0.0,0.0016915175805164327,,0.0016915175805164327,0.0,0.0,,0.0,0.0,330.28001476200006,330.28001476200006,0.0
PRIMARY,D,MORE-HD-C,PCA,3,1,42,0.6516666666666666,,0.6516666666666666,0.0,0.5807408701036209,,0.5807408701036209,0.0,1.9523927124046974e-05,,1.9523927124046974e-05,0.0,2.928589068607046e-05,,2.928589068607046e-05,0.0,1.839910030561794e-05,,1.839910030561794e-05,0.0,0.9636806804573442,,0.9636806804573442,0.0,157.3478436839996,157.3478436839996,0.0
PRIMARY,D,MORE-HD-C,PCA,10,1,42,0.4955,,0.4955,0.0,0.47685565344593506,,0.47685565344593506,0.0,0.2293299289921106,,0.2293299289921106,0.0,0.25481103221345625,,0.25481103221345625,0.0,0.06598344884868902,,0.06598344884868902,0.0,0.5772643384760409,,0.5772643384760409,0.0,348.4596433659999,348.4596433659999,0.0
PRIMARY,D,MORE-HD-C,ZERNIKE,3,1,42,0.795,,0.795,0.0,0.7890930046449216,,0.7890930046449216,0.0,0.006755844055432132,,0.006755844055432132,0.0,0.010133766083148199,,0.010133766083148199,0.0,0.011604871281473214,,0.011604871281473214,0.0,0.34410056171248893,,0.34410056171248893,0.0,157.6114451450003,157.6114451450003,0.0
PRIMARY,D,MORE-HD-C,ZERNIKE,10,1,42,0.3355,,0.3355,0.0,0.3202992202974469,,0.3202992202974469,0.0,0.013441036712608379,,0.013441036712608379,0.0,0.014934485236231532,,0.014934485236231532,0.0,0.0016015667139597566,,0.0016015667139597566,0.0,0.1930407301737651,,0.1930407301737651,0.0,333.14086409599986,333.14086409599986,0.0
