contrast,feature_method,K,metric,seeds,n_pairs,mean_delta,sd_delta,median_delta,iqr_delta,ci95_low,ci95_high,hedges_g,sign_flip_p,deltas,sign_flip_p_holm
A-B (B-A),HU,3,accuracy,"101,202,303,404,505",5,0.08700000000000004,0.16763220321750696,0.08666666666666667,0.16499999999999992,-0.12114287167475556,0.2951428716747556,0.41519468612896715,0.3125,"-0.0433333,0.121667,0.346667,-0.0766667,0.0866667",0.9375
A-B (B-A),HU,3,f1_macro,"101,202,303,404,505",5,0.10428814526382912,0.19048303034864042,0.12591922965957314,0.23856655494182577,-0.13222777578883269,0.34080406631649096,0.4379944820195307,0.3125,"-0.0446853,0.125919,0.361632,-0.115306,0.193881",0.9375
A-B (B-A),HU,3,min_separation_ratio,"101,202,303,404,505",5,0.09201724309266046,0.094009807133029,0.12436003325798743,0.13572647443403466,-0.02471134990250108,0.208745836087822,0.7830437772301866,0.1875,"-0.038003,0.163546,0.12436,0.0278199,0.182363",0.5625
A-B (B-A),HU,3,yodd_norm_fraction,"101,202,303,404,505",5,0.0,0.0,0.0,0.0,0.0,0.0,,1.0,"0,0,0,0,0",
A-B (B-A),HU,6,accuracy,"101,202,303,404,505",5,0.10516666666666667,0.04366221351339037,0.12083333333333335,0.05666666666666664,0.05095286806520397,0.15938046526812938,1.9269140651224943,0.0625,"0.1225,0.120833,0.0558333,0.160833,0.0658333",0.25
A-B (B-A),HU,6,f1_macro,"101,202,303,404,505",5,0.10779349728402324,0.05304824156592496,0.12123658768258508,0.010934387091118353,0.04192540556359774,0.17366158900444872,1.6255920136401036,0.0625,"0.131217,0.120283,0.121237,0.150766,0.0154653",0.25
A-B (B-A),HU,6,min_separation_ratio,"101,202,303,404,505",5,0.06361173277790785,0.06742226801698062,0.08699094607868876,0.0831835841296874,-0.020104070096022067,0.14732753565183776,0.7547860331472319,0.1875,"-0.0201633,0.146686,0.0938644,0.0869909,0.0106808",0.75
A-B (B-A),HU,6,yodd_norm_fraction,"101,202,303,404,505",5,0.0,0.0,0.0,0.0,0.0,0.0,,1.0,"0,0,0,0,0",
A-B (B-A),HU,10,accuracy,"101,202,303,404,505",5,0.0621,0.044468247098350976,0.07349999999999998,0.04149999999999998,0.0068853785147485955,0.1173146214852514,1.1172016717934063,0.125,"0.0435,0.085,0.0735,-0.004,0.1125",0.375
A-B (B-A),HU,10,f1_macro,"101,202,303,404,505",5,0.08363837408065904,0.060202839550314365,0.08032553027919803,0.023835191052754473,0.008886675621396,0.15839007253992207,1.1114209855268835,0.0625,"0.0611976,0.0803255,0.0850328,0.0131006,0.178535",0.25
A-B (B-A),HU,10,min_separation_ratio,"101,202,303,404,505",5,0.020913261293633044,0.028298454310898766,0.017604544546769792,0.028956984025261822,-0.014223910629024061,0.05605043321629015,0.5912198896482791,0.1875,"0.00251101,-0.0101145,0.031468,0.0176045,0.0630973",0.75
A-B (B-A),HU,10,yodd_norm_fraction,"101,202,303,404,505",5,0.0,0.0,0.0,0.0,0.0,0.0,,1.0,"0,0,0,0,0",
A-B (B-A),PCA,3,accuracy,"101,202,303,404,505",5,0.14733333333333337,0.15530257206140818,0.19833333333333336,0.2816666666666666,-0.04550027922376293,0.3401669458904297,0.7589485808390929,0.25,"-0.0216667,0.268333,-0.0133333,0.198333,0.305",0.75
A-B (B-A),PCA,3,f1_macro,"101,202,303,404,505",5,0.17528067610272194,0.18952398935865966,0.2298785511531546,0.2810724330204156,-0.06004443827987907,0.410605790485323,0.7398775287323303,0.25,"-0.0219855,0.267199,-0.0138737,0.229879,0.415185",0.75
A-B (B-A),PCA,3,min_separation_ratio,"101,202,303,404,505",5,0.18548637632055845,0.47766517359644617,0.4099939879867629,0.7273235942650753,-0.4076132729299,0.7785860255710169,0.3106550555888188,0.375,"-0.382131,0.409994,-0.262267,0.465057,0.696779",1.0
A-B (B-A),PCA,3,yodd_norm_fraction,"101,202,303,404,505",5,0.0,0.0,0.0,0.0,0.0,0.0,,1.0,"0,0,0,0,0",
A-B (B-A),PCA,6,accuracy,"101,202,303,404,505",5,0.18216666666666673,0.10568000704432645,0.16666666666666674,0.1916666666666666,0.050947606589806405,0.31338572674352705,1.3790057117635028,0.0625,"0.0666667,0.294167,0.0958333,0.166667,0.2875",0.25
A-B (B-A),PCA,6,f1_macro,"101,202,303,404,505",5,0.19823658138499162,0.12244233711895801,0.17419880188957526,0.20512793395715617,0.04620433952845307,0.3502688232415302,1.295215926448031,0.0625,"0.0708222,0.346944,0.0970453,0.174199,0.302173",0.25
A-B (B-A),PCA,6,min_separation_ratio,"101,202,303,404,505",5,0.2024272491821054,0.12781620908856234,0.18102782463146552,0.1280264352620695,0.043722463969952774,0.361132034394258,1.266989535212054,0.0625,"0.1267,0.254726,0.181028,0.0583847,0.391297",0.25
A-B (B-A),PCA,6,yodd_norm_fraction,"101,202,303,404,505",5,0.0,0.0,0.0,0.0,0.0,0.0,,1.0,"0,0,0,0,0",
A-B (B-A),PCA,10,accuracy,"101,202,303,404,505",5,0.2693,0.08825856898907888,0.26450000000000007,0.1225,0.15971251235327755,0.3788874876467224,2.44100943928355,0.0625,"0.2645,0.1915,0.394,0.1825,0.314",0.25
A-B (B-A),PCA,10,f1_macro,"101,202,303,404,505",5,0.2741205497503149,0.08867960065390035,0.29207632507062803,0.1344223792692914,0.16401028224327985,0.38423081725735,2.4729073900109713,0.0625,"0.292076,0.169956,0.379327,0.19741,0.331833",0.25
A-B (B-A),PCA,10,min_separation_ratio,"101,202,303,404,505",5,0.1432735510141428,0.125295103858805,0.1864152233369764,0.10774769919302482,-0.01230086859853688,0.29884797062682245,0.9147910595172033,0.125,"0.186415,-0.0474868,0.0948715,0.279949,0.202619",0.375
A-B (B-A),PCA,10,yodd_norm_fraction,"101,202,303,404,505",5,0.0,0.0,0.0,0.0,0.0,0.0,,1.0,"0,0,0,0,0",
A-B (B-A),ZERNIKE,3,accuracy,"101,202,303,404,505",5,-0.021666666666666657,0.04890466917040406,-0.026666666666666616,0.05500000000000005,-0.08238983371962291,0.039056500386289605,-0.3544310518273181,0.4375,"-0.0266667,-0.0833333,-0.0483333,0.00666667,0.0433333",0.9375
A-B (B-A),ZERNIKE,3,f1_macro,"101,202,303,404,505",5,-0.02634996110619341,0.06200802864167713,-0.0203976549116498,0.059134144955706125,-0.10334309787015174,0.050643175657764924,-0.3399554758750444,0.4375,"-0.0203977,-0.111445,-0.0562042,0.00292991,0.0533671",0.9375
A-B (B-A),ZERNIKE,3,min_separation_ratio,"101,202,303,404,505",5,0.006760012229765686,0.014678587153557219,0.008050806978918027,0.0041129533864704,-0.01146586098330258,0.02498588544283395,0.368428495688154,0.4375,"0.00835213,-0.0140514,0.00805081,0.0272093,0.00423917",1.0
A-B (B-A),ZERNIKE,3,yodd_norm_fraction,"101,202,303,404,505",5,0.0,0.0,0.0,0.0,0.0,0.0,,1.0,"0,0,0,0,0",
A-B (B-A),ZERNIKE,6,accuracy,"101,202,303,404,505",5,0.06983333333333334,0.05875856911501883,0.06666666666666665,0.041666666666666685,-0.003125066522753156,0.14279173318941984,0.9507833071514844,0.0625,"0.0258333,0.0675,0.0216667,0.1675,0.0666667",0.25
A-B (B-A),ZERNIKE,6,f1_macro,"101,202,303,404,505",5,0.07924216701630225,0.05728989325248661,0.0660470334697395,0.03315403777935261,0.008107369103752884,0.1503769649288516,1.1065430569691324,0.0625,"0.039995,0.0731491,0.0389982,0.178022,0.066047",0.25
A-B (B-A),ZERNIKE,6,min_separation_ratio,"101,202,303,404,505",5,0.046275294360419106,0.03574782316953932,0.060551593356684794,0.055268454214167095,0.0018885093166477601,0.09066207940419045,1.0355941203122039,0.0625,"0.0126424,0.0857926,0.00447902,0.0605516,0.0679109",0.25
A-B (B-A),ZERNIKE,6,yodd_norm_fraction,"101,202,303,404,505",5,0.0,0.0,0.0,0.0,0.0,0.0,,1.0,"0,0,0,0,0",
A-B (B-A),ZERNIKE,10,accuracy,"101,202,303,404,505",5,0.13119999999999998,0.05008318080952928,0.118,0.08050000000000002,0.06901351747327783,0.19338648252672214,2.0957135370289692,0.0625,"0.118,0.194,0.092,0.0795,0.1725",0.25
A-B (B-A),ZERNIKE,10,f1_macro,"101,202,303,404,505",5,0.1580212445789227,0.060391745609866626,0.14609758934324618,0.10972735391185251,0.08303498826647109,0.2330075008913743,2.0932826893231007,0.0625,"0.146098,0.21451,0.104783,0.0976137,0.227101",0.25
A-B (B-A),ZERNIKE,10,min_separation_ratio,"101,202,303,404,505",5,0.047546526985026524,0.031553006140744584,0.04967626841161753,0.053857305167941516,0.008368295224961679,0.08672475874509136,1.2055023035952044,0.0625,"0.0734017,0.0195444,0.0120219,0.0830884,0.0496763",0.25
A-B (B-A),ZERNIKE,10,yodd_norm_fraction,"101,202,303,404,505",5,0.0,0.0,0.0,0.0,0.0,0.0,,1.0,"0,0,0,0,0",
A-C (C-A),HU,3,accuracy,"101,202,303,404,505",5,0.01366666666666667,0.15049178641300584,0.050000000000000044,0.19333333333333336,-0.17319356654773307,0.2005268998810664,0.07265069804758761,0.875,"-0.155,0.0766667,0.213333,-0.116667,0.05",1.0
A-C (C-A),HU,3,f1_macro,"101,202,303,404,505",5,0.03087669174754527,0.16288146969697267,0.07980843853240205,0.2816969711164148,-0.17136736514970308,0.2331207486447936,0.1516523238892123,0.625,"-0.152644,0.0798084,0.203105,-0.128792,0.152905",0.9375
A-C (C-A),HU,3,min_separation_ratio,"101,202,303,404,505",5,-0.025625602632560408,0.21648451425839388,0.006852723604534298,0.1555319708660637,-0.29442663015583753,0.2431754248907167,-0.09469722199888693,0.875,"-0.385638,-0.0328217,0.160769,0.00685272,0.12271",0.875
A-C (C-A),HU,3,yodd_norm_fraction,"101,202,303,404,505",5,0.43106394766794665,0.2711714991162846,0.3372237929979331,0.44474900090774205,0.09436005987631224,0.767767835459581,1.2717087129664657,0.0625,"0.122808,0.708399,0.26365,0.337224,0.723239",
A-C (C-A),HU,6,accuracy,"101,202,303,404,505",5,0.05366666666666668,0.02501804904019851,0.04833333333333334,0.019166666666666665,0.022602655868155956,0.0847306774651774,1.7160943790760388,0.0625,"0.04,0.0483333,0.0275,0.0933333,0.0591667",0.25
A-C (C-A),HU,6,f1_macro,"101,202,303,404,505",5,0.07367481188220905,0.021114354714503184,0.08519942458184668,0.030593284789694253,0.04745787778790653,0.09989174597651157,2.7914587162487234,0.0625,"0.0917287,0.0444091,0.0851994,0.088815,0.0582217",0.25
A-C (C-A),HU,6,min_separation_ratio,"101,202,303,404,505",5,0.002451464258217349,0.05763717444293504,0.00358101804366915,0.015399425146809162,-0.06911454020576518,0.07401746872219989,0.03402615457000899,0.8125,"-0.0861156,0.0177883,0.00358102,0.0746148,0.00238887",1.0
A-C (C-A),HU,6,yodd_norm_fraction,"101,202,303,404,505",5,0.4511329579644439,0.10006640539268499,0.3955447128406089,0.09439762144204533,0.326884104958684,0.5753818109702038,3.606668641241489,0.0625,"0.484179,0.395545,0.373523,0.389781,0.612637",
A-C (C-A),HU,10,accuracy,"101,202,303,404,505",5,0.008500000000000002,0.06090771708084289,0.04600000000000001,0.11049999999999999,-0.06712691951206307,0.08412691951206308,0.11164430922561674,0.875,"0.046,-0.058,-0.058,0.0525,0.06",0.875
A-C (C-A),HU,10,f1_macro,"101,202,303,404,505",5,0.0024107627972211054,0.08647806787734566,0.03304211025390974,0.07971449740990749,-0.10496594072030041,0.10978746631474262,0.022301726728125887,0.9375,"0.0330421,-0.125464,-0.0374206,0.0422939,0.0996028",1.0
A-C (C-A),HU,10,min_separation_ratio,"101,202,303,404,505",5,-0.008865661284830337,0.04272869431295589,-0.0033933871577997658,0.03738804631164615,-0.06192034270348158,0.04418902013382091,-0.1659898375531153,0.8125,"-0.00339339,-0.07811,-0.0147054,0.0291979,0.0226826",1.0
A-C (C-A),HU,10,yodd_norm_fraction,"101,202,303,404,505",5,0.3766944110408187,0.21351813191329513,0.4099210439035497,0.2167717885916493,0.11157663368035792,0.6418121884012795,1.4113814416240238,0.0625,"0.0947602,0.409921,0.253184,0.655651,0.469956",
A-C (C-A),PCA,3,accuracy,"101,202,303,404,505",5,0.08633333333333337,0.16599615122713607,0.033333333333333326,0.25,-0.11977811148578907,0.29244477815245584,0.41607390385914017,0.375,"-0.0216667,0.228333,-0.0983333,0.0333333,0.29",0.75
A-C (C-A),PCA,3,f1_macro,"101,202,303,404,505",5,0.10965333467272602,0.20237314940068815,0.04423494369705838,0.24859235847441186,-0.14162611914122009,0.36093278848667215,0.43346989458811347,0.375,"-0.0222937,0.226299,-0.100253,0.0442349,0.400279",0.75
A-C (C-A),PCA,3,min_separation_ratio,"101,202,303,404,505",5,0.1998036095731217,0.5885500727738987,0.213908287357568,0.638727563944595,-0.5309778269304337,0.9305850460766771,0.2715875760666224,0.5,"-0.0170712,0.621656,-0.663519,0.213908,0.844044",1.0
A-C (C-A),PCA,3,yodd_norm_fraction,"101,202,303,404,505",5,0.3785486974519105,0.22329894142517223,0.29829450356224846,0.3929060043655289,0.10128644104726303,0.655810953856558,1.3562041809455248,0.0625,"0.154272,0.631955,0.298295,0.207658,0.600564",
A-C (C-A),PCA,6,accuracy,"101,202,303,404,505",5,0.06866666666666668,0.1302756159498435,0.08916666666666673,0.06166666666666665,-0.09309187550207404,0.2304252088354074,0.42167011019531736,0.3125,"-0.155,0.15,0.0883333,0.0891667,0.170833",0.625
A-C (C-A),PCA,6,f1_macro,"101,202,303,404,505",5,0.06537038088365134,0.15313854199694407,0.08623340975933025,0.08975717832491897,-0.12477623345136928,0.25551699521867194,0.34149668675809036,0.375,"-0.190116,0.205327,0.0862334,0.0678254,0.157583",0.75
A-C (C-A),PCA,6,min_separation_ratio,"101,202,303,404,505",5,0.11334523988834384,0.0789706257311265,0.11530635935357961,0.09695886400050593,0.015290257002380264,0.21140022277430742,1.1482268384120806,0.0625,"0.0134904,0.214658,0.160115,0.115306,0.0631564",0.25
A-C (C-A),PCA,6,yodd_norm_fraction,"101,202,303,404,505",5,0.2939376171084206,0.10908433290300419,0.24752816609721934,0.10195166964198152,0.158491528174686,0.42938370604215514,2.155672473111493,0.0625,"0.179146,0.247528,0.458449,0.343258,0.241307",
A-C (C-A),PCA,10,accuracy,"101,202,303,404,505",5,0.0658,0.09723720995586002,0.1005,0.13800000000000007,-0.05493594288797202,0.186535942887972,0.5413565447208478,0.25,"0.186,-0.027,0.1005,-0.0415,0.111",0.5
A-C (C-A),PCA,10,f1_macro,"101,202,303,404,505",5,0.06533888184266676,0.10706727592824279,0.09388914533868895,0.15989459680944468,-0.06760270006318081,0.19828046374851432,0.4882080450908815,0.25,"0.201067,-0.0462091,0.0938891,-0.0409737,0.118921",0.5
A-C (C-A),PCA,10,min_separation_ratio,"101,202,303,404,505",5,0.006049625442361279,0.06921712952706945,0.009030947037131119,0.020435407612322175,-0.07989479235040758,0.09199404323513014,0.0699205584940692,0.625,"0.10108,-0.0935211,-0.00338863,0.0170468,0.00903095",1.0
A-C (C-A),PCA,10,yodd_norm_fraction,"101,202,303,404,505",5,0.32662440385833647,0.06888766017468394,0.323362299421124,0.07684124464774056,0.2410890762989362,0.41215973141773676,3.793125248035296,0.0625,"0.323362,0.290695,0.367536,0.415222,0.236307",
A-C (C-A),ZERNIKE,3,accuracy,"101,202,303,404,505",5,-0.03533333333333333,0.0724031920720504,-0.07333333333333336,0.1333333333333333,-0.1252337702842305,0.05456710361756385,-0.3904063599645956,0.3125,"-0.0733333,0.0416667,-0.0916667,-0.0983333,0.045",0.9375
A-C (C-A),ZERNIKE,3,f1_macro,"101,202,303,404,505",5,-0.03987923845170578,0.08634757584116175,-0.06378899174095187,0.15780930530797288,-0.14709391470584543,0.06733543780243387,-0.36947639178720676,0.3125,"-0.063789,0.040888,-0.116921,-0.120862,0.0612883",0.9375
A-C (C-A),ZERNIKE,3,min_separation_ratio,"101,202,303,404,505",5,0.02177704728175835,0.05991551896060515,-0.0018705638313010198,0.0068367096371263845,-0.05261789554532008,0.09617199010883677,0.29077003967639037,0.75,"-0.00187056,-0.00226378,0.127779,0.00457293,-0.0193321",1.0
A-C (C-A),ZERNIKE,3,yodd_norm_fraction,"101,202,303,404,505",5,0.30437307378329326,0.23106192086783142,0.35984582823679184,0.41859025940133304,0.017471805285899922,0.5912743422806865,1.0538233998578976,0.0625,"0.506984,0.0364436,0.530198,0.088394,0.359846",
A-C (C-A),ZERNIKE,6,accuracy,"101,202,303,404,505",5,-0.03783333333333331,0.037770321976681925,-0.044999999999999984,0.003333333333333355,-0.08473138233234367,0.009064715665677063,-0.8013346215410139,0.125,"-0.045,-0.0475,-0.0441667,0.025,-0.0775",0.375
A-C (C-A),ZERNIKE,6,f1_macro,"101,202,303,404,505",5,-0.047140291902488765,0.040576957545845255,-0.04820472062373016,0.051052624532912816,-0.09752323924380737,0.0032426554388298445,-0.9294002262092329,0.125,"-0.0219684,-0.0730211,-0.0482047,0.00512642,-0.0976336",0.375
A-C (C-A),ZERNIKE,6,min_separation_ratio,"101,202,303,404,505",5,0.003488635899830783,0.013341543038546136,-0.0023490776503898303,0.008110474875534141,-0.013077077771618009,0.020054349571279575,0.20918935027239244,0.875,"-0.00234908,-0.00637867,0.0263388,-0.00413916,0.00397132",1.0
A-C (C-A),ZERNIKE,6,yodd_norm_fraction,"101,202,303,404,505",5,0.40796944264848667,0.2278914325700457,0.4382176572379039,0.10693652058421443,0.1250048553271802,0.6909340299697931,1.432153681417897,0.0625,"0.0341284,0.438218,0.408484,0.515421,0.643596",
A-C (C-A),ZERNIKE,10,accuracy,"101,202,303,404,505",5,0.04489999999999998,0.057424297993096965,0.024999999999999967,0.07999999999999996,-0.026401683440153173,0.11620168344015314,0.6255191836096624,0.1875,"-0.009,0.001,0.1265,0.025,0.081",0.375
A-C (C-A),ZERNIKE,10,f1_macro,"101,202,303,404,505",5,0.06716847154344856,0.06174925637447198,0.039584699115445876,0.09635838988217252,-0.009503357012587574,0.14384030009948467,0.8702093011272857,0.125,"-1.00313e-05,0.0308186,0.138272,0.0395847,0.127177",0.25
A-C (C-A),ZERNIKE,10,min_separation_ratio,"101,202,303,404,505",5,0.026710906211436635,0.054895263022829904,0.015324782915657174,0.03900125919078344,-0.04145056555593758,0.09487237797881086,0.3892635501220289,0.375,"-0.0236526,0.0317798,0.117324,-0.00722146,0.0153248",1.0
A-C (C-A),ZERNIKE,10,yodd_norm_fraction,"101,202,303,404,505",5,0.308056840753575,0.11512392060443691,0.32876218080241065,0.13971091658483928,0.16511161320697715,0.4510020683001728,2.1406973573254238,0.0625,"0.386161,0.24645,0.434366,0.144546,0.328762",
B-D (D-B),HU,3,accuracy,"101,202,303,404,505",5,-0.09366666666666672,0.10328896897109156,-0.1133333333333334,0.03833333333333333,-0.22191686084965678,0.03458352751632336,-0.7254727593834891,0.125,"-0.113333,-0.0933333,-0.205,0.075,-0.131667",0.5
B-D (D-B),HU,3,f1_macro,"101,202,303,404,505",5,-0.11012940477096611,0.1271108149523593,-0.1500387158149734,0.02812424075151232,-0.2679583274796513,0.04769951793771912,-0.6931237428522018,0.125,"-0.131717,-0.159841,-0.218713,0.109662,-0.150039",0.5
B-D (D-B),HU,3,min_separation_ratio,"101,202,303,404,505",5,-0.14836433194818469,0.1404292217038756,-0.18259403751015033,0.16744485823878116,-0.32273024083366164,0.02600157693729227,-0.8452048948105229,0.125,"-0.339479,-0.198282,0.00937113,-0.0308373,-0.182594",0.5
B-D (D-B),HU,3,yodd_norm_fraction,"101,202,303,404,505",5,0.293321852772816,0.1339155077164478,0.2150509855413326,0.20525171546035115,0.12704378804012442,0.45959991750550766,1.7522801221432525,0.0625,"0.19397,0.215051,0.399221,0.47401,0.184357",
B-D (D-B),HU,6,accuracy,"101,202,303,404,505",5,-0.05566666666666666,0.07431726283681037,-0.06916666666666665,0.05083333333333334,-0.14794373637618063,0.0366104030428473,-0.5992326901371744,0.1875,"-0.160833,0.0408333,-0.07,-0.0691667,-0.0191667",0.375
B-D (D-B),HU,6,f1_macro,"101,202,303,404,505",5,-0.06035787488295733,0.06483379280910961,-0.05713590787662487,0.05868837348765238,-0.1408596612810308,0.02014391151511615,-0.7447705558201015,0.125,"-0.153843,0.0188956,-0.0571359,-0.0841973,-0.0255089",0.25
B-D (D-B),HU,6,min_separation_ratio,"101,202,303,404,505",5,0.02205227742471099,0.18573051607360933,-0.0019599308786156597,0.12416028229851847,-0.20856261775169524,0.2526671726011172,0.09498612458911668,0.875,"0.0251869,-0.144358,-0.0989734,0.330366,-0.00195993",1.0
B-D (D-B),HU,6,yodd_norm_fraction,"101,202,303,404,505",5,0.46543717347680474,0.16933160814432427,0.42332550318238316,0.17484024473270426,0.25518421188605,0.6756901350675595,2.1989381832604087,0.0625,"0.254411,0.695288,0.423326,0.564501,0.389661",
B-D (D-B),HU,10,accuracy,"101,202,303,404,505",5,-0.08659999999999998,0.03210412746049952,-0.09699999999999998,0.05349999999999999,-0.12646253926144707,-0.0467374607385529,-2.157977976048132,0.0625,"-0.048,-0.111,-0.1195,-0.0575,-0.097",0.25
B-D (D-B),HU,10,f1_macro,"101,202,303,404,505",5,-0.09901792052606269,0.029330503292251408,-0.1108249542955948,0.03677858937095005,-0.13543655051324824,-0.06259929053887714,-2.7007493063297403,0.0625,"-0.0834113,-0.12019,-0.125396,-0.0552676,-0.110825",0.25
B-D (D-B),HU,10,min_separation_ratio,"101,202,303,404,505",5,-0.025989774145340823,0.03194602304231443,-0.03882267879536275,0.04368609710657651,-0.06565600084277053,0.01367645255208888,-0.6508421811607863,0.1875,"-0.000618955,-0.0443051,0.0151199,-0.0388227,-0.0613221",0.75
B-D (D-B),HU,10,yodd_norm_fraction,"101,202,303,404,505",5,0.4417478662018028,0.13148755174452947,0.5000799264175693,0.151059284013132,0.278484506988666,0.6050112254149396,2.6876939168208778,0.0625,"0.24748,0.520868,0.369809,0.570503,0.50008",
B-D (D-B),PCA,3,accuracy,"101,202,303,404,505",5,-0.05700000000000003,0.09916596638408207,-0.020000000000000018,0.015000000000000013,-0.18013081030619943,0.06613081030619938,-0.45983517997884055,0.125,"-0.01,-0.025,0.00333333,-0.233333,-0.02",0.5
B-D (D-B),PCA,3,f1_macro,"101,202,303,404,505",5,-0.06260731621775587,0.11197254497868347,-0.020046452096777467,0.015397383904742656,-0.2016395941050388,0.07642496166952706,-0.44730476550068304,0.125,"-0.00991491,-0.0253123,0.00413742,-0.2619,-0.0200465",0.5
B-D (D-B),PCA,3,min_separation_ratio,"101,202,303,404,505",5,0.10568371687542595,0.3861767165099161,0.3324961606570187,0.48857148962011787,-0.37381800895947803,0.5851854427103299,0.21893337916494973,0.625,"0.363423,0.332496,0.422212,-0.464564,-0.125149",1.0
B-D (D-B),PCA,3,yodd_norm_fraction,"101,202,303,404,505",5,0.5248353559987856,0.2965325487831218,0.5105829292330287,0.38085848910513653,0.15664156587918188,0.8930291461183893,1.4159264691921294,0.0625,"0.166963,0.707167,0.326308,0.510583,0.913156",
B-D (D-B),PCA,6,accuracy,"101,202,303,404,505",5,-0.10883333333333338,0.07537544914183487,-0.06666666666666665,0.1283333333333333,-0.20242431488118856,-0.015242351785478211,-1.1551064392708603,0.0625,"-0.0666667,-0.0608333,-0.191667,-0.0358333,-0.189167",0.25
B-D (D-B),PCA,6,f1_macro,"101,202,303,404,505",5,-0.11556369992347762,0.07354455496782439,-0.07391960763314365,0.12535334013200616,-0.20688132609094295,-0.024246073756012287,-1.2570741638076297,0.0625,"-0.0739196,-0.0686692,-0.196417,-0.0447904,-0.194023",0.25
B-D (D-B),PCA,6,min_separation_ratio,"101,202,303,404,505",5,-0.07332912935964049,0.09520263109402045,-0.05194794347358073,0.11000581773023518,-0.1915388089233599,0.044880550204078926,-0.6161941409978212,0.1875,"-0.0519479,-0.137033,-0.0270269,0.0463096,-0.196948",0.375
B-D (D-B),PCA,6,yodd_norm_fraction,"101,202,303,404,505",5,0.4175601687696992,0.0862417275117361,0.4248132847833223,0.03575994506724245,0.3104769205754774,0.524643416963921,3.873393363674224,0.0625,"0.424813,0.288825,0.440422,0.404662,0.529078",
B-D (D-B),PCA,10,accuracy,"101,202,303,404,505",5,-0.16599999999999998,0.077332884337777,-0.13099999999999995,0.1195,-0.26202145835947344,-0.06997854164052654,-1.7172513496322208,0.0625,"-0.09,-0.1125,-0.2645,-0.131,-0.232",0.25
B-D (D-B),PCA,10,f1_macro,"101,202,303,404,505",5,-0.16637227181989883,0.07577114395510041,-0.12472772324114145,0.12756057740666066,-0.2604545733716618,-0.07228997026813588,-1.7565765871871832,0.0625,"-0.100165,-0.110157,-0.259093,-0.124728,-0.237718",0.25
B-D (D-B),PCA,10,min_separation_ratio,"101,202,303,404,505",5,-0.11662346355433481,0.06204332505212222,-0.10896726439084324,0.02251598832744091,-0.19366042660040864,-0.039586500508260986,-1.503768064736829,0.0625,"-0.108967,-0.0418539,-0.098127,-0.120643,-0.213526",0.25
B-D (D-B),PCA,10,yodd_norm_fraction,"101,202,303,404,505",5,0.4563216155735394,0.14852277517019943,0.49752298933565126,0.12419634807144786,0.2719062327313908,0.640736998415688,2.457921298874834,0.0625,"0.536885,0.497523,0.412688,0.223488,0.611024",
B-D (D-B),ZERNIKE,3,accuracy,"101,202,303,404,505",5,-0.07666666666666666,0.07952113625389864,-0.08333333333333326,0.09666666666666668,-0.17540519864938875,0.022071865316055414,-0.771283412469177,0.125,"0.0433333,-0.0833333,-0.0483333,-0.145,-0.15",0.5
B-D (D-B),ZERNIKE,3,f1_macro,"101,202,303,404,505",5,-0.08156539041601796,0.08297146647340803,-0.06423018667044766,0.08471215638418317,-0.18458807321421933,0.021457292382183427,-0.7864427990281144,0.125,"0.0349131,-0.0576333,-0.0642302,-0.178531,-0.142345",0.5
B-D (D-B),ZERNIKE,3,min_separation_ratio,"101,202,303,404,505",5,0.015303138907819449,0.0836352804071456,-0.011634738459823287,0.02740716692839795,-0.0885437777534099,0.1191500555690488,0.14637974628240247,1.0,"-0.0116347,-0.00175901,0.162182,-0.0291662,-0.0431066",1.0
B-D (D-B),ZERNIKE,3,yodd_norm_fraction,"101,202,303,404,505",5,0.5274044818499587,0.320910099910931,0.6043398028039888,0.2748696178961857,0.12894196413058268,0.9258669995693347,1.3147719115012972,0.0625,"0.0678551,0.658056,0.60434,0.923586,0.383186",
B-D (D-B),ZERNIKE,6,accuracy,"101,202,303,404,505",5,-0.06816666666666668,0.06764233963362819,-0.10333333333333333,0.07833333333333337,-0.15215572454401438,0.015822391210681033,-0.8062011696919819,0.1875,"-0.105833,-0.103333,0.03,-0.134167,-0.0275",0.375
B-D (D-B),ZERNIKE,6,f1_macro,"101,202,303,404,505",5,-0.07344012873684999,0.08659946528797523,-0.12357936666332126,0.1530154737219307,-0.18096756704862538,0.03408730957492541,-0.6784349394549671,0.25,"-0.123579,-0.135073,0.023722,-0.150213,0.0179425",0.5
B-D (D-B),ZERNIKE,6,min_separation_ratio,"101,202,303,404,505",5,-0.014501651100601864,0.057826276990573564,-0.019961615882232442,0.030541463970320537,-0.08630245738995576,0.05729915518875203,-0.20062368674318526,0.625,"-0.0199616,-0.0922198,0.0681971,0.00100878,-0.0295327",1.0
B-D (D-B),ZERNIKE,6,yodd_norm_fraction,"101,202,303,404,505",5,0.4929038478168164,0.18603942184982283,0.5032767085981352,0.33210347005003865,0.2619053954592487,0.7239023001743841,2.119567317145093,0.0625,"0.699059,0.651407,0.503277,0.291472,0.319304",
B-D (D-B),ZERNIKE,10,accuracy,"101,202,303,404,505",5,-0.039400000000000004,0.02737562784668143,-0.05399999999999999,0.033499999999999974,-0.07339133152544877,-0.005408668474551244,-1.1513891179603017,0.0625,"-0.0215,-0.066,-0.055,-0.054,-0.0005",0.25
B-D (D-B),ZERNIKE,10,f1_macro,"101,202,303,404,505",5,-0.04948277452577993,0.03595623652076098,-0.062269254322281586,0.04633666710600404,-0.0941283389245082,-0.0048372101270516485,-1.1009555907712152,0.0625,"-0.0231788,-0.0903471,-0.0695155,-0.0622693,-0.00210333",0.25
B-D (D-B),ZERNIKE,10,min_separation_ratio,"101,202,303,404,505",5,-0.0005315041281930888,0.06619721642020968,0.0009483979374006468,0.043323230447643205,-0.08272620453847049,0.08166319628208432,-0.006423280698924655,1.0,"-0.0156718,0.000948398,0.0276515,-0.0983388,0.0827531",1.0
B-D (D-B),ZERNIKE,10,yodd_norm_fraction,"101,202,303,404,505",5,0.33886855449054104,0.12515164144208435,0.35139205275479546,0.014100898867120737,0.1834722669957987,0.4942648419852834,2.16613094697512,0.0625,"0.494952,0.351392,0.358706,0.144687,0.344605",
C-D (D-C),HU,3,accuracy,"101,202,303,404,505",5,-0.02033333333333336,0.08315313851229217,-0.04833333333333334,0.06999999999999995,-0.12358159176169745,0.08291492509503073,-0.19562300302425817,0.5625,"-0.00166667,-0.0483333,-0.0716667,0.115,-0.095",1.0
C-D (D-C),HU,3,f1_macro,"101,202,303,404,505",5,-0.036717951254682246,0.09674756514836498,-0.06018594948990652,0.08530457353685739,-0.15684591981328025,0.08341001730391576,-0.30361860744194885,0.4375,"-0.0237584,-0.11373,-0.0601859,0.123148,-0.109063",0.9375
C-D (D-C),HU,3,min_separation_ratio,"101,202,303,404,505",5,-0.0307214862229638,0.053137045956074144,-0.009870101958880273,0.025123815094469693,-0.09669984315751998,0.035256870711592385,-0.4625245633467812,0.1875,"0.00815592,-0.00191402,-0.0270378,-0.0098701,-0.122941",0.5625
C-D (D-C),HU,3,yodd_norm_fraction,"101,202,303,404,505",5,-0.13774209489513062,0.3467981023038323,0.07116126089551583,0.6289194766329682,-0.5683488131711851,0.29286462338092384,-0.3177459022528417,0.5,"0.0711613,-0.493348,0.135572,0.136786,-0.538882",
C-D (D-C),HU,6,accuracy,"101,202,303,404,505",5,-0.004166666666666674,0.07209176251294058,-0.012500000000000011,0.040000000000000036,-0.09368041274604073,0.08534707941270737,-0.04623736772609771,0.8125,"-0.0783333,0.113333,-0.0416667,-0.00166667,-0.0125",0.8125
C-D (D-C),HU,6,f1_macro,"101,202,303,404,505",5,-0.02623918948114317,0.07780725789577177,-0.022246747145994783,0.04716663103324692,-0.12284966040927855,0.0703712814469922,-0.2697865488722648,0.5,"-0.114354,0.0947692,-0.0210987,-0.0222467,-0.0682654",0.5
C-D (D-C),HU,6,min_separation_ratio,"101,202,303,404,505",5,0.0832125459444015,0.15125431402534992,0.0063320310626655005,0.09982921143334667,-0.10459449035388216,0.2710195822426852,0.44011992110429454,0.4375,"0.0911392,-0.0154605,-0.00869003,0.342742,0.00633203",1.0
C-D (D-C),HU,6,yodd_norm_fraction,"101,202,303,404,505",5,0.014304215512360875,0.2368239943091437,0.04980274456865591,0.39769645741793064,-0.27975161213211597,0.30836004315683774,0.04832015625473671,0.875,"-0.229768,0.299744,0.0498027,0.17472,-0.222977",
C-D (D-C),HU,10,accuracy,"101,202,303,404,505",5,-0.033,0.057553236225254954,-0.044499999999999984,0.0625,-0.10446178140101578,0.03846178140101578,-0.45870574326479685,0.25,"-0.0505,0.032,0.012,-0.114,-0.0445",0.5
C-D (D-C),HU,10,f1_macro,"101,202,303,404,505",5,-0.017790309242624744,0.06511052244648605,-0.031892377581751064,0.05231326929585453,-0.09863570086866454,0.06305508238341505,-0.21858598056554063,0.5,"-0.0552558,0.0856,-0.00294252,-0.0844609,-0.0318924",1.0
C-D (D-C),HU,10,min_separation_ratio,"101,202,303,404,505",5,0.0037891484331225565,0.04258274837072688,0.005285441663606239,0.04459789508634254,-0.04908431716337901,0.05666261402962412,0.07118654531424978,0.8125,"0.00528544,0.0236905,0.0612934,-0.0504161,-0.0209074",1.0
C-D (D-C),HU,10,yodd_norm_fraction,"101,202,303,404,505",5,0.0650534551609841,0.09517286483071526,0.11094686160399397,0.08650048366849172,-0.05311926470522821,0.1832261750271964,0.5468235533453382,0.1875,"0.152719,0.110947,0.116624,-0.0851475,0.030124",
C-D (D-C),PCA,3,accuracy,"101,202,303,404,505",5,0.003999999999999959,0.05644072603675074,-0.0050000000000000044,0.02499999999999991,-0.06608041755231525,0.07408041755231518,0.056696648408036496,0.8125,"-0.01,0.015,0.0883333,-0.0683333,-0.005",0.8125
C-D (D-C),PCA,3,f1_macro,"101,202,303,404,505",5,0.003020025212240052,0.05984223587053097,-0.0051404064366527,0.025194530488769074,-0.07128392464021614,0.07732397506469625,0.04037316010416315,0.8125,"-0.00960677,0.0155878,0.0905163,-0.0762567,-0.00514041",0.8125
C-D (D-C),PCA,3,min_separation_ratio,"101,202,303,404,505",5,0.09136648362286266,0.43895148587056704,-0.0016372133389830346,0.3342492710647589,-0.4536637733406687,0.6363967405863941,0.1665176887448628,0.875,"-0.00163721,0.120834,0.823465,-0.213415,-0.272413",1.0
C-D (D-C),PCA,3,yodd_norm_fraction,"101,202,303,404,505",5,0.1462866585468751,0.1492320007055853,0.0752122217541894,0.27491101186369443,-0.0390093441091689,0.33158266120291907,0.7842106671770972,0.0625,"0.0126908,0.0752122,0.0280138,0.302925,0.312592",
C-D (D-C),PCA,6,accuracy,"101,202,303,404,505",5,0.004666666666666641,0.13394987661227778,0.04166666666666663,0.15583333333333327,-0.16165407268663504,0.17098740601996834,0.02787112185358383,0.9375,"0.155,0.0833333,-0.184167,0.0416667,-0.0725",0.9375
C-D (D-C),PCA,6,f1_macro,"101,202,303,404,505",5,0.017302500577862666,0.14096604005570704,0.06158306540111669,0.12237936381892833,-0.1577299563286585,0.19233495748438384,0.09819386610292836,0.6875,"0.187019,0.0729474,-0.185605,0.0615831,-0.0494319",0.75
C-D (D-C),PCA,6,min_separation_ratio,"101,202,303,404,505",5,0.015752879934121073,0.08555108682343117,-0.006114330226513948,0.07187379561151166,-0.09047282458173785,0.12197858444997998,0.14730735067465298,0.75,"0.0612617,-0.0969641,-0.00611433,-0.0106121,0.131193",0.75
C-D (D-C),PCA,6,yodd_norm_fraction,"101,202,303,404,505",5,0.12362255166127856,0.13467838385125297,0.06140372522631615,0.2043703363564832,-0.04360274890308946,0.2908478522256466,0.734327503055367,0.125,"0.245667,0.0412972,-0.018027,0.0614037,0.287771",
C-D (D-C),PCA,10,accuracy,"101,202,303,404,505",5,0.0375,0.06055575942881076,0.02899999999999997,0.10450000000000004,-0.037689906366642455,0.11268990636664244,0.49541117612880314,0.375,"-0.0115,0.106,0.029,0.093,-0.029",0.5
C-D (D-C),PCA,10,f1_macro,"101,202,303,404,505",5,0.04240939608774933,0.0643347922630121,0.02634531529177503,0.11516392600461223,-0.037472799297150854,0.12229159147264951,0.5273587692876621,0.3125,"-0.00915616,0.106008,0.0263453,0.113656,-0.0248062",0.5
C-D (D-C),PCA,10,min_separation_ratio,"101,202,303,404,505",5,0.02060046201744668,0.06908178390160734,0.00013315162002051125,0.024118206100339823,-0.06517590198487151,0.10637682601976488,0.2385631737221814,0.8125,"-0.0236322,0.00418037,0.000133152,0.142259,-0.0199378",1.0
C-D (D-C),PCA,10,yodd_norm_fraction,"101,202,303,404,505",5,0.12969721171520296,0.21417052917670426,0.20682822843426518,0.1683700541994505,-0.13623062383975956,0.39562504727016545,0.4844633375610499,0.1875,"0.213522,0.206828,0.0451524,-0.191734,0.374717",
C-D (D-C),ZERNIKE,3,accuracy,"101,202,303,404,505",5,-0.06299999999999999,0.11862288518194493,-0.040000000000000036,0.14666666666666672,-0.21028976589347975,0.08428976589347979,-0.42487585698742686,0.3125,"0.09,-0.208333,-0.005,-0.04,-0.151667",0.9375
C-D (D-C),ZERNIKE,3,f1_macro,"101,202,303,404,505",5,-0.06803611307050558,0.11474054752144011,-0.05473900258602149,0.14675340541523552,-0.2105053200620659,0.07443309392105474,-0.47436491834967087,0.3125,"0.0783044,-0.209966,-0.00351316,-0.054739,-0.150267",0.9375
C-D (D-C),ZERNIKE,3,min_separation_ratio,"101,202,303,404,505",5,0.00028610385582678103,0.02455465547739156,-0.006529784755894866,0.012134557018652181,-0.030202527838747176,0.030774735550400736,0.00932137226979896,1.0,"-0.00141205,-0.0135466,0.0424543,-0.00652978,-0.0195353",1.0
C-D (D-C),ZERNIKE,3,yodd_norm_fraction,"101,202,303,404,505",5,0.2230314080666654,0.5084555783434347,0.07414209562083662,0.598271841244409,-0.4082995782482509,0.8543623943815818,0.3509158598173854,0.3125,"-0.439129,0.621612,0.0741421,0.835192,0.0233401",
C-D (D-C),ZERNIKE,6,accuracy,"101,202,303,404,505",5,0.03949999999999998,0.0640789443663916,0.011666666666666659,0.08749999999999991,-0.04006451826265037,0.11906451826265033,0.49314170688139003,0.3125,"-0.035,0.0116667,0.0958333,0.00833333,0.116667",0.375
C-D (D-C),ZERNIKE,6,f1_macro,"101,202,303,404,505",5,0.052942330181941034,0.09448680335131898,0.022682269993515303,0.09982767324959785,-0.06437853184475051,0.17026319220863256,0.4482516356074988,0.3125,"-0.0616159,0.0110972,0.110925,0.0226823,0.181623",0.5
C-D (D-C),ZERNIKE,6,min_separation_ratio,"101,202,303,404,505",5,0.028285007359986465,0.030298126056325456,0.034406848928949706,0.04638590762813708,-0.009335084977192244,0.06590509969716518,0.7468450638142697,0.25,"-0.00497014,-4.85542e-05,0.0463374,0.0656995,0.0344068",0.75
C-D (D-C),ZERNIKE,6,yodd_norm_fraction,"101,202,303,404,505",5,0.08493440516832972,0.39237031642438625,0.09479233784084484,0.43713779341175296,-0.40225769069964973,0.5721265010363091,0.17317192787125107,0.75,"0.664931,0.213189,0.0947923,-0.223948,-0.324292",
C-D (D-C),ZERNIKE,10,accuracy,"101,202,303,404,505",5,0.0469,0.09021183403523067,0.09100000000000003,0.10499999999999998,-0.06511278653347893,0.15891278653347893,0.41590995683944537,0.1875,"0.1055,0.127,-0.0895,0.0005,0.091",0.375
C-D (D-C),ZERNIKE,10,f1_macro,"101,202,303,404,505",5,0.04136999850969423,0.0941597922418038,0.09334474341033927,0.10206141827348458,-0.07554482559529965,0.1582848226146881,0.3514875937997436,0.5,"0.122929,0.0933447,-0.103005,-0.00424021,0.0978212",0.5
C-D (D-C),ZERNIKE,10,min_separation_ratio,"101,202,303,404,505",5,0.020304116645396802,0.07825728197176214,-0.008028922224748002,0.0926695354408904,-0.07686513297622072,0.11747336626701432,0.2075627073551899,0.6875,"0.0813825,-0.011287,-0.0776507,-0.00802892,0.117105",1.0
C-D (D-C),ZERNIKE,10,yodd_norm_fraction,"101,202,303,404,505",5,0.030811713736966034,0.07758393394818959,0.01584284662907648,0.10480071227308982,-0.06552146388551981,0.1271448913594519,0.3177123114952335,0.3125,"0.108792,0.104942,-0.0756596,0.000141509,0.0158428",
