feature_method,K,seed,baseline,quantum_model,delta_accuracy,delta_f1
PCA,3,101,NC,A,0.03833333333333333,0.03868871369077276
PCA,3,101,NC,D,0.00666666666666671,0.006788296867905053
PCA,3,101,NC,M,-0.35,-0.3611769630105848
PCA,3,101,LR,A,-0.008333333333333415,-0.008436320211145487
PCA,3,101,LR,D,-0.040000000000000036,-0.04033673703401319
PCA,3,101,LR,M,-0.3966666666666667,-0.408301996912503
HU,3,101,NC,A,0.04833333333333323,0.04823484999770722
HU,3,101,NC,D,-0.10833333333333339,-0.1281671526775261
HU,3,101,NC,M,0.013333333333333308,0.013544084101776321
HU,3,101,LR,A,-0.16000000000000003,-0.16053287655859816
HU,3,101,LR,D,-0.31666666666666665,-0.3369348792338315
HU,3,101,LR,M,-0.19499999999999995,-0.19522364245452906
ZERNIKE,3,101,NC,A,-0.16500000000000004,-0.17438268005444602
ZERNIKE,3,101,NC,D,-0.14833333333333332,-0.1598672781683964
ZERNIKE,3,101,NC,M,-0.32500000000000007,-0.3248982883891528
ZERNIKE,3,101,LR,A,-0.20999999999999996,-0.21984817347098318
ZERNIKE,3,101,LR,D,-0.19333333333333325,-0.20533277158493357
ZERNIKE,3,101,LR,M,-0.37,-0.37036378180568996
PCA,4,101,NC,A,-0.30125,-0.31566434733775384
PCA,4,101,NC,D,-0.09750000000000003,-0.10656800890147722
PCA,4,101,NC,M,-0.40875,-0.4242930156832836
PCA,4,101,LR,A,-0.34750000000000003,-0.3623912400275747
PCA,4,101,LR,D,-0.14375000000000004,-0.1532949015912981
PCA,4,101,LR,M,-0.455,-0.4710199083731045
HU,4,101,NC,A,-0.12125000000000002,-0.11624166958585685
HU,4,101,NC,D,-0.16625000000000006,-0.19503860505267367
HU,4,101,NC,M,-0.13375000000000004,-0.13327188562105619
HU,4,101,LR,A,-0.34500000000000003,-0.34184424180022016
HU,4,101,LR,D,-0.39000000000000007,-0.420641177267037
HU,4,101,LR,M,-0.35750000000000004,-0.3588744578354195
ZERNIKE,4,101,NC,A,-0.23375,-0.2125801756026039
ZERNIKE,4,101,NC,D,-0.13,-0.14476449237625943
ZERNIKE,4,101,NC,M,-0.35875,-0.3978443120357887
ZERNIKE,4,101,LR,A,-0.3075,-0.2890460276742254
ZERNIKE,4,101,LR,D,-0.20375,-0.22123034444788092
ZERNIKE,4,101,LR,M,-0.4325,-0.47431016410741017
PCA,5,101,NC,A,-0.235,-0.24218832994897266
PCA,5,101,NC,D,-0.08699999999999997,-0.08535976001246093
PCA,5,101,NC,M,-0.52,-0.5892539319193423
PCA,5,101,LR,A,-0.277,-0.2844763030028581
PCA,5,101,LR,D,-0.129,-0.12764773306634636
PCA,5,101,LR,M,-0.562,-0.6315419049732277
HU,5,101,NC,A,-0.276,-0.2965184776436566
HU,5,101,NC,D,-0.15300000000000002,-0.13587108045743723
HU,5,101,NC,M,-0.121,-0.12423293793293755
HU,5,101,LR,A,-0.481,-0.5011798219345518
HU,5,101,LR,D,-0.358,-0.34053242474833245
HU,5,101,LR,M,-0.32599999999999996,-0.32889428222383277
ZERNIKE,5,101,NC,A,-0.29600000000000004,-0.3415349087076983
ZERNIKE,5,101,NC,D,-0.29400000000000004,-0.3191716772602943
ZERNIKE,5,101,NC,M,-0.394,-0.408587818462527
ZERNIKE,5,101,LR,A,-0.346,-0.3921878717581164
ZERNIKE,5,101,LR,D,-0.344,-0.3698246403107124
ZERNIKE,5,101,LR,M,-0.44399999999999995,-0.4592407815129451
PCA,6,101,NC,A,-0.18833333333333335,-0.1876801295615016
PCA,6,101,NC,D,-0.18833333333333335,-0.1907775796647525
PCA,6,101,NC,M,-0.47333333333333333,-0.49655975841790884
PCA,6,101,LR,A,-0.26583333333333337,-0.2675693647137415
PCA,6,101,LR,D,-0.26583333333333337,-0.2706668148169924
PCA,6,101,LR,M,-0.5508333333333333,-0.5764489935701487
HU,6,101,NC,A,-0.21500000000000002,-0.257135368649416
HU,6,101,NC,D,-0.25333333333333335,-0.27976095785658006
HU,6,101,NC,M,-0.13666666666666666,-0.13230164185758053
HU,6,101,LR,A,-0.3858333333333333,-0.4216302715856506
HU,6,101,LR,D,-0.42416666666666664,-0.44425586079281454
HU,6,101,LR,M,-0.30749999999999994,-0.29679654479381506
ZERNIKE,6,101,NC,A,-0.2616666666666667,-0.2726254109407544
ZERNIKE,6,101,NC,D,-0.34166666666666673,-0.3562097640570712
ZERNIKE,6,101,NC,M,-0.4108333333333334,-0.4026990399643688
ZERNIKE,6,101,LR,A,-0.3191666666666667,-0.3350278864535238
ZERNIKE,6,101,LR,D,-0.3991666666666667,-0.41861223956984067
ZERNIKE,6,101,LR,M,-0.4683333333333334,-0.46510151547713824
PCA,7,101,NC,A,-0.26357142857142857,-0.25892970047091957
PCA,7,101,NC,D,-0.27642857142857147,-0.2863598600979747
PCA,7,101,NC,M,-0.5092857142857143,-0.5187713182058291
PCA,7,101,LR,A,-0.3107142857142857,-0.3064898708658478
PCA,7,101,LR,D,-0.3235714285714286,-0.3339200304929029
PCA,7,101,LR,M,-0.5564285714285715,-0.5663314886007573
HU,7,101,NC,A,-0.18357142857142858,-0.21106365127389673
HU,7,101,NC,D,-0.07214285714285718,-0.08451017406905442
HU,7,101,NC,M,-0.10928571428571432,-0.10335269562571026
HU,7,101,LR,A,-0.4078571428571429,-0.44279518158301345
HU,7,101,LR,D,-0.2964285714285715,-0.3162417043781712
HU,7,101,LR,M,-0.33357142857142863,-0.335084225934827
ZERNIKE,7,101,NC,A,-0.27214285714285713,-0.2586373251072107
ZERNIKE,7,101,NC,D,-0.24428571428571427,-0.23596541044126879
ZERNIKE,7,101,NC,M,-0.36714285714285716,-0.3596837083069815
ZERNIKE,7,101,LR,A,-0.33071428571428574,-0.32161789449277167
ZERNIKE,7,101,LR,D,-0.3028571428571429,-0.29894597982682974
ZERNIKE,7,101,LR,M,-0.42571428571428577,-0.42266427769254244
PCA,8,101,NC,A,-0.18437500000000007,-0.18771017917931565
PCA,8,101,NC,D,-0.15625,-0.16123659436628146
PCA,8,101,NC,M,-0.62375,-0.6267922487570421
PCA,8,101,LR,A,-0.234375,-0.2372296305585646
PCA,8,101,LR,D,-0.20624999999999993,-0.21075604574553042
PCA,8,101,LR,M,-0.67375,-0.676311700136291
HU,8,101,NC,A,-0.23437500000000003,-0.22801418218031655
HU,8,101,NC,D,-0.21875000000000003,-0.2146851320405418
HU,8,101,NC,M,-0.12875000000000003,-0.11181375606335164
HU,8,101,LR,A,-0.464375,-0.47145796622287917
HU,8,101,LR,D,-0.44875,-0.4581289160831044
HU,8,101,LR,M,-0.35875,-0.35525754010591426
ZERNIKE,8,101,NC,A,-0.39874999999999994,-0.40890523361149744
ZERNIKE,8,101,NC,D,-0.27562499999999995,-0.2926225012995687
ZERNIKE,8,101,NC,M,-0.37687499999999996,-0.37593167080942314
ZERNIKE,8,101,LR,A,-0.468125,-0.4857163202850039
ZERNIKE,8,101,LR,D,-0.34500000000000003,-0.36943358797307513
ZERNIKE,8,101,LR,M,-0.44625000000000004,-0.4527427574829296
PCA,9,101,NC,A,-0.4872222222222222,-0.5039491969632407
PCA,9,101,NC,D,-0.2516666666666667,-0.24742026142458684
PCA,9,101,NC,M,-0.58,-0.5807949161219789
PCA,9,101,LR,A,-0.5505555555555556,-0.5669659288698992
PCA,9,101,LR,D,-0.31500000000000006,-0.3104369933312453
PCA,9,101,LR,M,-0.6433333333333333,-0.6438116480286373
HU,9,101,NC,A,-0.1311111111111111,-0.13626464264730673
HU,9,101,NC,D,-0.17777777777777776,-0.18077452362218588
HU,9,101,NC,M,-0.19999999999999998,-0.18115020565870424
HU,9,101,LR,A,-0.3538888888888889,-0.37517106081976237
HU,9,101,LR,D,-0.40055555555555555,-0.4196809417946415
HU,9,101,LR,M,-0.4227777777777778,-0.4200566238311598
ZERNIKE,9,101,NC,A,-0.19611111111111112,-0.19692095868097842
ZERNIKE,9,101,NC,D,-0.18555555555555558,-0.2031720111448408
ZERNIKE,9,101,NC,M,-0.44666666666666666,-0.42538344959910557
ZERNIKE,9,101,LR,A,-0.27055555555555555,-0.2789222546991244
ZERNIKE,9,101,LR,D,-0.26,-0.2851733071629868
ZERNIKE,9,101,LR,M,-0.5211111111111111,-0.5073847456172516
PCA,10,101,NC,A,-0.42000000000000004,-0.45135015024377106
PCA,10,101,NC,D,-0.24550000000000005,-0.25943921086765015
PCA,10,101,NC,M,-0.555,-0.5636987498018796
PCA,10,101,LR,A,-0.48250000000000004,-0.5143373835292464
PCA,10,101,LR,D,-0.30800000000000005,-0.32242644415312544
PCA,10,101,LR,M,-0.6175,-0.6266859830873549
HU,10,101,NC,A,-0.15250000000000002,-0.16093582820978683
HU,10,101,NC,D,-0.15700000000000003,-0.18314951062718735
HU,10,101,NC,M,-0.1715,-0.15394133380142805
HU,10,101,LR,A,-0.36850000000000005,-0.3915463176643027
HU,10,101,LR,D,-0.37300000000000005,-0.4137600000817032
HU,10,101,LR,M,-0.38750000000000007,-0.3845518232559439
ZERNIKE,10,101,NC,A,-0.251,-0.26450551864375293
ZERNIKE,10,101,NC,D,-0.15450000000000003,-0.141586714097031
ZERNIKE,10,101,NC,M,-0.354,-0.35890951774989077
ZERNIKE,10,101,LR,A,-0.33599999999999997,-0.3546232764811753
ZERNIKE,10,101,LR,D,-0.2395,-0.23170447193445337
ZERNIKE,10,101,LR,M,-0.43899999999999995,-0.44902727558731315
PCA,3,202,NC,A,-0.23333333333333328,-0.2315698032983584
PCA,3,202,NC,D,0.010000000000000009,0.010316668841954812
PCA,3,202,NC,M,-0.5483333333333333,-0.5463918352571349
PCA,3,202,LR,A,-0.2666666666666667,-0.26537178966175645
PCA,3,202,LR,D,-0.023333333333333428,-0.023485317521443227
PCA,3,202,LR,M,-0.5816666666666668,-0.5801938216205329
HU,3,202,NC,A,-0.135,-0.13941882320090737
HU,3,202,NC,D,-0.10666666666666669,-0.1733405190777747
HU,3,202,NC,M,-0.14,-0.144951163213754
HU,3,202,LR,A,-0.31500000000000006,-0.31891643022735106
HU,3,202,LR,D,-0.28666666666666674,-0.3528381261042184
HU,3,202,LR,M,-0.32000000000000006,-0.3244487702401977
ZERNIKE,3,202,NC,A,-0.14500000000000002,-0.14532750683315854
ZERNIKE,3,202,NC,D,-0.31166666666666665,-0.31440568709361316
ZERNIKE,3,202,NC,M,-0.4216666666666667,-0.4238285257622942
ZERNIKE,3,202,LR,A,-0.15833333333333333,-0.1584625280426195
ZERNIKE,3,202,LR,D,-0.32499999999999996,-0.32754070830307414
ZERNIKE,3,202,LR,M,-0.435,-0.43696354697175516
PCA,4,202,NC,A,-0.3375,-0.34590623134438747
PCA,4,202,NC,D,-0.03500000000000003,-0.03531247748346111
PCA,4,202,NC,M,-0.45625000000000004,-0.5036380228553107
PCA,4,202,LR,A,-0.36749999999999994,-0.37684856663161814
PCA,4,202,LR,D,-0.06499999999999995,-0.06625481277069178
PCA,4,202,LR,M,-0.48624999999999996,-0.5345803581425413
HU,4,202,NC,A,-0.12,-0.16593349555230424
HU,4,202,NC,D,-0.08625000000000005,-0.11284072821575075
HU,4,202,NC,M,-0.14125000000000004,-0.14606247511559
HU,4,202,LR,A,-0.3162499999999999,-0.3605870457775798
HU,4,202,LR,D,-0.2825,-0.3074942784410263
HU,4,202,LR,M,-0.33749999999999997,-0.34071602534086554
ZERNIKE,4,202,NC,A,-0.19374999999999998,-0.23025329477086098
ZERNIKE,4,202,NC,D,-0.18874999999999997,-0.18991651814622768
ZERNIKE,4,202,NC,M,-0.35374999999999995,-0.34281191943832107
ZERNIKE,4,202,LR,A,-0.24750000000000005,-0.28693634249817623
ZERNIKE,4,202,LR,D,-0.24250000000000005,-0.24659956587354293
ZERNIKE,4,202,LR,M,-0.40750000000000003,-0.3994949671656363
PCA,5,202,NC,A,-0.21600000000000008,-0.22621240916157048
PCA,5,202,NC,D,-0.129,-0.1352643544235742
PCA,5,202,NC,M,-0.5050000000000001,-0.5292414648795757
PCA,5,202,LR,A,-0.246,-0.25635384649759085
PCA,5,202,LR,D,-0.15899999999999992,-0.16540579175959458
PCA,5,202,LR,M,-0.5349999999999999,-0.5593829022155961
HU,5,202,NC,A,-0.18100000000000005,-0.21096176304158343
HU,5,202,NC,D,-0.32700000000000007,-0.414280529653867
HU,5,202,NC,M,-0.09800000000000003,-0.11029579606345408
HU,5,202,LR,A,-0.374,-0.3999962862579043
HU,5,202,LR,D,-0.52,-0.6033150528701878
HU,5,202,LR,M,-0.291,-0.29933031927977494
ZERNIKE,5,202,NC,A,-0.244,-0.25401098304523506
ZERNIKE,5,202,NC,D,-0.139,-0.13435454877226471
ZERNIKE,5,202,NC,M,-0.394,-0.3898260031663784
ZERNIKE,5,202,LR,A,-0.29999999999999993,-0.31071820110421144
ZERNIKE,5,202,LR,D,-0.19499999999999995,-0.1910617668312411
ZERNIKE,5,202,LR,M,-0.44999999999999996,-0.44653322122535477
PCA,6,202,NC,A,-0.38749999999999996,-0.43877979928740274
PCA,6,202,NC,D,-0.15416666666666667,-0.1605054858219458
PCA,6,202,NC,M,-0.5175,-0.5509286550375059
PCA,6,202,LR,A,-0.4408333333333333,-0.4953689866361811
PCA,6,202,LR,D,-0.20750000000000002,-0.21709467317072417
PCA,6,202,LR,M,-0.5708333333333333,-0.6075178423862844
HU,6,202,NC,A,-0.19416666666666665,-0.21519376772677307
HU,6,202,NC,D,-0.03249999999999997,-0.0760154018250867
HU,6,202,NC,M,-0.12166666666666665,-0.14000091879390014
HU,6,202,LR,A,-0.35500000000000004,-0.36402921411467215
HU,6,202,LR,D,-0.19333333333333336,-0.2248508482129858
HU,6,202,LR,M,-0.28250000000000003,-0.2888363651817992
ZERNIKE,6,202,NC,A,-0.21583333333333332,-0.20153657362782001
ZERNIKE,6,202,NC,D,-0.25166666666666665,-0.2634604496505639
ZERNIKE,6,202,NC,M,-0.435,-0.44149821231635733
ZERNIKE,6,202,LR,A,-0.27083333333333337,-0.26405935537846875
ZERNIKE,6,202,LR,D,-0.3066666666666667,-0.32598323140121266
ZERNIKE,6,202,LR,M,-0.49000000000000005,-0.5040209940670061
PCA,7,202,NC,A,-0.18571428571428572,-0.2064556819087856
PCA,7,202,NC,D,-0.39857142857142863,-0.43670639902145486
PCA,7,202,NC,M,-0.5621428571428572,-0.5681030354410389
PCA,7,202,LR,A,-0.23571428571428565,-0.25841460789398596
PCA,7,202,LR,D,-0.44857142857142857,-0.4886653250066552
PCA,7,202,LR,M,-0.6121428571428571,-0.6200619614262393
HU,7,202,NC,A,-0.16142857142857142,-0.18263990565320842
HU,7,202,NC,D,-0.1378571428571429,-0.1448618187953154
HU,7,202,NC,M,-0.11571428571428571,-0.10963993074347284
HU,7,202,LR,A,-0.3392857142857143,-0.37073348408321277
HU,7,202,LR,D,-0.3157142857142858,-0.33295539722531975
HU,7,202,LR,M,-0.2935714285714286,-0.2977335091734772
ZERNIKE,7,202,NC,A,-0.27285714285714285,-0.3102598192102429
ZERNIKE,7,202,NC,D,-0.19785714285714284,-0.19884551621248886
ZERNIKE,7,202,NC,M,-0.45499999999999996,-0.49590975509118707
ZERNIKE,7,202,LR,A,-0.335,-0.37978713883290327
ZERNIKE,7,202,LR,D,-0.26,-0.2683728358351492
ZERNIKE,7,202,LR,M,-0.5171428571428571,-0.5654370747138474
PCA,8,202,NC,A,-0.33562499999999995,-0.34735380735049287
PCA,8,202,NC,D,-0.15749999999999997,-0.15822652460309194
PCA,8,202,NC,M,-0.574375,-0.571444643277123
PCA,8,202,LR,A,-0.38312499999999994,-0.39556347343709924
PCA,8,202,LR,D,-0.20499999999999996,-0.20643619068969832
PCA,8,202,LR,M,-0.621875,-0.6196543093637294
HU,8,202,NC,A,-0.174375,-0.1864720304777707
HU,8,202,NC,D,-0.057499999999999996,-0.05958891981145664
HU,8,202,NC,M,-0.211875,-0.1946527854502748
HU,8,202,LR,A,-0.3725,-0.39680368795800924
HU,8,202,LR,D,-0.255625,-0.2699205772916952
HU,8,202,LR,M,-0.41000000000000003,-0.4049844429305134
ZERNIKE,8,202,NC,A,-0.293125,-0.3085907458810888
ZERNIKE,8,202,NC,D,-0.21125000000000005,-0.21589560560576643
ZERNIKE,8,202,NC,M,-0.444375,-0.4557878699328817
ZERNIKE,8,202,LR,A,-0.3625,-0.38701965272889294
ZERNIKE,8,202,LR,D,-0.280625,-0.29432451245357055
ZERNIKE,8,202,LR,M,-0.5137499999999999,-0.5342167767806858
PCA,9,202,NC,A,-0.3194444444444444,-0.3392396550696755
PCA,9,202,NC,D,-0.32166666666666666,-0.35112980910013253
PCA,9,202,NC,M,-0.6083333333333333,-0.6320955499886776
PCA,9,202,LR,A,-0.3655555555555555,-0.38534138604701035
PCA,9,202,LR,D,-0.36777777777777776,-0.39723154007746736
PCA,9,202,LR,M,-0.6544444444444444,-0.6781972809660124
HU,9,202,NC,A,-0.20277777777777775,-0.2502174072847442
HU,9,202,NC,D,-0.08166666666666667,-0.07210491747325798
HU,9,202,NC,M,-0.22055555555555553,-0.1992566411805776
HU,9,202,LR,A,-0.4144444444444444,-0.4747884394157764
HU,9,202,LR,D,-0.29333333333333333,-0.29667594960429017
HU,9,202,LR,M,-0.4322222222222222,-0.42382767331160975
ZERNIKE,9,202,NC,A,-0.3316666666666667,-0.3143532222967742
ZERNIKE,9,202,NC,D,-0.19888888888888895,-0.18710870532018903
ZERNIKE,9,202,NC,M,-0.4705555555555556,-0.460783896194755
ZERNIKE,9,202,LR,A,-0.40944444444444444,-0.40135694418869694
ZERNIKE,9,202,LR,D,-0.27666666666666667,-0.27411242721211176
ZERNIKE,9,202,LR,M,-0.5483333333333333,-0.5477876180866778
PCA,10,202,NC,A,-0.35950000000000004,-0.3477429738495902
PCA,10,202,NC,D,-0.2805,-0.2879442673647144
PCA,10,202,NC,M,-0.532,-0.5591271648732251
PCA,10,202,LR,A,-0.4135,-0.4028185463831627
PCA,10,202,LR,D,-0.33449999999999996,-0.34301983989828694
PCA,10,202,LR,M,-0.586,-0.6142027374067976
HU,10,202,NC,A,-0.1515,-0.1341718286781452
HU,10,202,NC,D,-0.1775,-0.1740361615256017
HU,10,202,NC,M,-0.16449999999999998,-0.18266076242684323
HU,10,202,LR,A,-0.347,-0.33587739370603836
HU,10,202,LR,D,-0.373,-0.37574172655349486
HU,10,202,LR,M,-0.36,-0.3843663274547364
ZERNIKE,10,202,NC,A,-0.308,-0.31287956619368223
ZERNIKE,10,202,NC,D,-0.18,-0.188716245937657
ZERNIKE,10,202,NC,M,-0.449,-0.4671334304833807
ZERNIKE,10,202,LR,A,-0.3885,-0.4009827811453344
ZERNIKE,10,202,LR,D,-0.2605,-0.2768194608893092
ZERNIKE,10,202,LR,M,-0.5295000000000001,-0.5552366454350328
PCA,3,303,NC,A,0.014999999999999902,0.01540706119094204
PCA,3,303,NC,D,0.004999999999999893,0.0056708132997083105
PCA,3,303,NC,M,-0.31833333333333336,-0.3230726805607518
PCA,3,303,LR,A,-0.023333333333333428,-0.023265299537297723
PCA,3,303,LR,D,-0.03333333333333344,-0.03300154742853145
PCA,3,303,LR,M,-0.3566666666666667,-0.36174504128899154
HU,3,303,NC,A,-0.29666666666666663,-0.3116937039556376
HU,3,303,NC,D,-0.15500000000000003,-0.16877490304795628
HU,3,303,NC,M,-0.1433333333333333,-0.13835945908816305
HU,3,303,LR,A,-0.4883333333333333,-0.5039734622499148
HU,3,303,LR,D,-0.3466666666666667,-0.3610546613422335
HU,3,303,LR,M,-0.33499999999999996,-0.3306392173824403
ZERNIKE,3,303,NC,A,-0.06333333333333335,-0.06497238097103597
ZERNIKE,3,303,NC,D,-0.16000000000000003,-0.18540680232822904
ZERNIKE,3,303,NC,M,-0.2466666666666667,-0.26184327423754794
ZERNIKE,3,303,LR,A,-0.09999999999999998,-0.1019269407922897
ZERNIKE,3,303,LR,D,-0.19666666666666666,-0.22236136214948277
ZERNIKE,3,303,LR,M,-0.2833333333333333,-0.29879783405880167
PCA,4,303,NC,A,-0.36250000000000004,-0.4718287973810563
PCA,4,303,NC,D,-0.07374999999999998,-0.07966289677137584
PCA,4,303,NC,M,-0.46625,-0.4810236450964204
PCA,4,303,LR,A,-0.39875000000000005,-0.5084494247373066
PCA,4,303,LR,D,-0.10999999999999999,-0.1162835241276261
PCA,4,303,LR,M,-0.5025,-0.5176442724526706
HU,4,303,NC,A,-0.15375,-0.20056740790248695
HU,4,303,NC,D,-0.14625,-0.1634638731139909
HU,4,303,NC,M,-0.15999999999999998,-0.16345666876699821
HU,4,303,LR,A,-0.36125,-0.4076051914870974
HU,4,303,LR,D,-0.35375,-0.37050165669860136
HU,4,303,LR,M,-0.3675,-0.37049445235160866
ZERNIKE,4,303,NC,A,-0.11750000000000005,-0.11790280184792978
ZERNIKE,4,303,NC,D,-0.25625,-0.2678730421641551
ZERNIKE,4,303,NC,M,-0.29875,-0.3512659924689373
ZERNIKE,4,303,LR,A,-0.16749999999999998,-0.1699920272291201
ZERNIKE,4,303,LR,D,-0.3062499999999999,-0.3199622675453454
ZERNIKE,4,303,LR,M,-0.34874999999999995,-0.4033552178501276
PCA,5,303,NC,A,-0.20500000000000007,-0.20542597647211702
PCA,5,303,NC,D,-0.038000000000000034,-0.0401349309290282
PCA,5,303,NC,M,-0.557,-0.5729893810175729
PCA,5,303,LR,A,-0.2290000000000001,-0.23002436259913317
PCA,5,303,LR,D,-0.062000000000000055,-0.06473331705604435
PCA,5,303,LR,M,-0.5810000000000001,-0.597587767144589
HU,5,303,NC,A,-0.17100000000000004,-0.21332472426126753
HU,5,303,NC,D,-0.11500000000000005,-0.15689013504667831
HU,5,303,NC,M,-0.08700000000000002,-0.07702633492371636
HU,5,303,LR,A,-0.356,-0.3947950156905273
HU,5,303,LR,D,-0.3,-0.33836042647593806
HU,5,303,LR,M,-0.27199999999999996,-0.2584966263529761
ZERNIKE,5,303,NC,A,-0.405,-0.47872740056901286
ZERNIKE,5,303,NC,D,-0.19300000000000006,-0.19905778680460573
ZERNIKE,5,303,NC,M,-0.315,-0.3303077414063099
ZERNIKE,5,303,LR,A,-0.43800000000000006,-0.5118980953095813
ZERNIKE,5,303,LR,D,-0.2260000000000001,-0.23222848154517417
ZERNIKE,5,303,LR,M,-0.34800000000000003,-0.36347843614687836
PCA,6,303,NC,A,-0.20416666666666672,-0.2086224690358538
PCA,6,303,NC,D,-0.30000000000000004,-0.3079940264528451
PCA,6,303,NC,M,-0.49583333333333335,-0.5546803858227589
PCA,6,303,LR,A,-0.26083333333333336,-0.26751951710068167
PCA,6,303,LR,D,-0.3566666666666667,-0.366891074517673
PCA,6,303,LR,M,-0.5525,-0.6135774338875868
HU,6,303,NC,A,-0.16249999999999998,-0.22511859488522853
HU,6,303,NC,D,-0.17666666666666664,-0.16101791507926833
HU,6,303,NC,M,-0.09916666666666663,-0.10417266487864052
HU,6,303,LR,A,-0.34,-0.3948926663379748
HU,6,303,LR,D,-0.3541666666666667,-0.33079198653201464
HU,6,303,LR,M,-0.27666666666666667,-0.27394673633138683
ZERNIKE,6,303,NC,A,-0.17333333333333334,-0.16751872675071527
ZERNIKE,6,303,NC,D,-0.1216666666666667,-0.10479857974257911
ZERNIKE,6,303,NC,M,-0.3225,-0.32529679226363
ZERNIKE,6,303,LR,A,-0.21083333333333332,-0.21142288469119647
ZERNIKE,6,303,LR,D,-0.15916666666666668,-0.1487027376830603
ZERNIKE,6,303,LR,M,-0.36,-0.3692009502041112
PCA,7,303,NC,A,-0.3885714285714286,-0.4646559587687844
PCA,7,303,NC,D,-0.2250000000000001,-0.2142497219333399
PCA,7,303,NC,M,-0.5264285714285715,-0.5424554464183983
PCA,7,303,LR,A,-0.445,-0.5222304854284326
PCA,7,303,LR,D,-0.2814285714285715,-0.27182424859298815
PCA,7,303,LR,M,-0.5828571428571429,-0.6000299730780465
HU,7,303,NC,A,-0.1657142857142857,-0.18173524123041015
HU,7,303,NC,D,-0.18785714285714286,-0.18867240707533955
HU,7,303,NC,M,-0.13785714285714284,-0.11288994385716661
HU,7,303,LR,A,-0.37571428571428567,-0.40422954722241233
HU,7,303,LR,D,-0.3978571428571428,-0.4111667130673417
HU,7,303,LR,M,-0.3478571428571428,-0.33538424984916876
ZERNIKE,7,303,NC,A,-0.2228571428571428,-0.22026203695849406
ZERNIKE,7,303,NC,D,-0.2542857142857143,-0.24911654840806952
ZERNIKE,7,303,NC,M,-0.37357142857142855,-0.3604010534581075
ZERNIKE,7,303,LR,A,-0.2642857142857143,-0.2665253885078048
ZERNIKE,7,303,LR,D,-0.29571428571428576,-0.29537989995738023
ZERNIKE,7,303,LR,M,-0.41500000000000004,-0.40666440500741824
PCA,8,303,NC,A,-0.21375,-0.23568807309265305
PCA,8,303,NC,D,-0.49937500000000007,-0.5420104066707446
PCA,8,303,NC,M,-0.5525,-0.5628009442501736
PCA,8,303,LR,A,-0.250625,-0.2727580312938126
PCA,8,303,LR,D,-0.5362500000000001,-0.5790803648719042
PCA,8,303,LR,M,-0.589375,-0.5998709024513331
HU,8,303,NC,A,-0.12187500000000001,-0.1537761832280743
HU,8,303,NC,D,-0.19125000000000003,-0.15885426484034287
HU,8,303,NC,M,-0.15375,-0.13532320731063785
HU,8,303,LR,A,-0.335625,-0.3812044504731006
HU,8,303,LR,D,-0.405,-0.38628253208536917
HU,8,303,LR,M,-0.3675,-0.36275147455566414
ZERNIKE,8,303,NC,A,-0.255,-0.23543040887240996
ZERNIKE,8,303,NC,D,-0.29812500000000003,-0.2931861895258412
ZERNIKE,8,303,NC,M,-0.44500000000000006,-0.4451318196084624
ZERNIKE,8,303,LR,A,-0.3025,-0.28855010593295427
ZERNIKE,8,303,LR,D,-0.345625,-0.3463058865863855
ZERNIKE,8,303,LR,M,-0.49250000000000005,-0.4982515166690067
PCA,9,303,NC,A,-0.45,-0.47178921083962755
PCA,9,303,NC,D,-0.3527777777777778,-0.33910141347445216
PCA,9,303,NC,M,-0.5605555555555556,-0.5704245888917231
PCA,9,303,LR,A,-0.5061111111111112,-0.5273040655270302
PCA,9,303,LR,D,-0.4088888888888889,-0.39461626816185486
PCA,9,303,LR,M,-0.6166666666666667,-0.6259394435791258
HU,9,303,NC,A,-0.17833333333333332,-0.17288223000037273
HU,9,303,NC,D,-0.10999999999999999,-0.10507049469714624
HU,9,303,NC,M,-0.1222222222222222,-0.11856414107270657
HU,9,303,LR,A,-0.39388888888888896,-0.4060496160574206
HU,9,303,LR,D,-0.3255555555555556,-0.33823788075419414
HU,9,303,LR,M,-0.33777777777777784,-0.3517315271297545
ZERNIKE,9,303,NC,A,-0.4244444444444445,-0.4367164399015861
ZERNIKE,9,303,NC,D,-0.2605555555555556,-0.2534831631390426
ZERNIKE,9,303,NC,M,-0.3894444444444445,-0.39527078725520104
ZERNIKE,9,303,LR,A,-0.4872222222222222,-0.5072593254082116
ZERNIKE,9,303,LR,D,-0.3233333333333333,-0.3240260486456681
ZERNIKE,9,303,LR,M,-0.4522222222222222,-0.4658136727618265
PCA,10,303,NC,A,-0.48149999999999993,-0.4764421303760269
PCA,10,303,NC,D,-0.352,-0.3562076697455629
PCA,10,303,NC,M,-0.5175,-0.5369006836420999
PCA,10,303,LR,A,-0.5439999999999999,-0.5388421615163937
PCA,10,303,LR,D,-0.4145,-0.41860770088592975
PCA,10,303,LR,M,-0.58,-0.5993007147824667
HU,10,303,NC,A,-0.11050000000000001,-0.10848538924780221
HU,10,303,NC,D,-0.15650000000000003,-0.14884851915564945
HU,10,303,NC,M,-0.12050000000000002,-0.11208786616071292
HU,10,303,LR,A,-0.3165,-0.32802535881647804
HU,10,303,LR,D,-0.36250000000000004,-0.3683884887243253
HU,10,303,LR,M,-0.3265,-0.33162783572938875
ZERNIKE,10,303,NC,A,-0.30649999999999994,-0.3043937318114692
ZERNIKE,10,303,NC,D,-0.26949999999999996,-0.26912616140039
ZERNIKE,10,303,NC,M,-0.4139999999999999,-0.4178990367264654
ZERNIKE,10,303,LR,A,-0.37699999999999995,-0.3812371855217971
ZERNIKE,10,303,LR,D,-0.33999999999999997,-0.34596961511071783
ZERNIKE,10,303,LR,M,-0.48449999999999993,-0.49474249043679325
PCA,3,404,NC,A,-0.19833333333333336,-0.22998610904438177
PCA,3,404,NC,D,-0.2333333333333334,-0.2620078963328394
PCA,3,404,NC,M,-0.35,-0.3689667501091042
PCA,3,404,LR,A,-0.22999999999999998,-0.26164729723752367
PCA,3,404,LR,D,-0.265,-0.2936690845259813
PCA,3,404,LR,M,-0.3816666666666666,-0.4006279383022461
HU,3,404,NC,A,-0.06833333333333336,-0.06461366784102174
HU,3,404,NC,D,-0.07000000000000006,-0.0702575889688345
HU,3,404,NC,M,-0.08500000000000008,-0.08472503602206904
HU,3,404,LR,A,-0.24,-0.23784869757119276
HU,3,404,LR,D,-0.2416666666666667,-0.24349261869900551
HU,3,404,LR,M,-0.2566666666666667,-0.25796006575224006
ZERNIKE,3,404,NC,A,-0.10666666666666669,-0.10750524403401729
ZERNIKE,3,404,NC,D,-0.245,-0.28310649802523835
ZERNIKE,3,404,NC,M,-0.3533333333333333,-0.35546570333300753
ZERNIKE,3,404,LR,A,-0.1283333333333334,-0.12923399706509198
ZERNIKE,3,404,LR,D,-0.2666666666666667,-0.30483525105631304
ZERNIKE,3,404,LR,M,-0.375,-0.3771944563640822
PCA,4,404,NC,A,-0.18624999999999992,-0.20000181970794584
PCA,4,404,NC,D,-0.17499999999999993,-0.17669937624861431
PCA,4,404,NC,M,-0.46749999999999997,-0.5032166725095477
PCA,4,404,LR,A,-0.22249999999999992,-0.23652934750416055
PCA,4,404,LR,D,-0.21124999999999994,-0.21322690404482902
PCA,4,404,LR,M,-0.5037499999999999,-0.5397442003057624
HU,4,404,NC,A,-0.3062500000000001,-0.36579755455147955
HU,4,404,NC,D,-0.053750000000000075,-0.04094912579157284
HU,4,404,NC,M,-0.0787500000000001,-0.06880061808070503
HU,4,404,LR,A,-0.5225,-0.584494959651585
HU,4,404,LR,D,-0.27,-0.25964653089167833
HU,4,404,LR,M,-0.29500000000000004,-0.2874980231808105
ZERNIKE,4,404,NC,A,-0.26,-0.2904215585948475
ZERNIKE,4,404,NC,D,-0.04874999999999996,-0.050560175040043065
ZERNIKE,4,404,NC,M,-0.29125,-0.29467401245376434
ZERNIKE,4,404,LR,A,-0.3075,-0.3408435890421209
ZERNIKE,4,404,LR,D,-0.09624999999999995,-0.10098220548731651
ZERNIKE,4,404,LR,M,-0.33875,-0.3450960429010378
PCA,5,404,NC,A,-0.19600000000000006,-0.19846619848000024
PCA,5,404,NC,D,-0.248,-0.2696764017118579
PCA,5,404,NC,M,-0.541,-0.5695678155404431
PCA,5,404,LR,A,-0.22399999999999998,-0.22630450877614372
PCA,5,404,LR,D,-0.2759999999999999,-0.2975147120080014
PCA,5,404,LR,M,-0.569,-0.5974061258365866
HU,5,404,NC,A,-0.24100000000000005,-0.23159809930477498
HU,5,404,NC,D,-0.08800000000000002,-0.08665378278680413
HU,5,404,NC,M,-0.13900000000000007,-0.12521382563400868
HU,5,404,LR,A,-0.437,-0.4246734743088297
HU,5,404,LR,D,-0.284,-0.27972915779085883
HU,5,404,LR,M,-0.335,-0.3182892006380634
ZERNIKE,5,404,NC,A,-0.15200000000000002,-0.16314349020004126
ZERNIKE,5,404,NC,D,-0.22100000000000009,-0.2694041665205833
ZERNIKE,5,404,NC,M,-0.47400000000000003,-0.46383388942425896
ZERNIKE,5,404,LR,A,-0.18599999999999994,-0.19958261692412893
ZERNIKE,5,404,LR,D,-0.255,-0.30584329324467097
ZERNIKE,5,404,LR,M,-0.508,-0.5002730161483466
PCA,6,404,NC,A,-0.3075,-0.30960838439281924
PCA,6,404,NC,D,-0.17666666666666664,-0.1801999326162389
PCA,6,404,NC,M,-0.4716666666666666,-0.48991211425933284
PCA,6,404,LR,A,-0.3666666666666667,-0.3709805346464783
PCA,6,404,LR,D,-0.23583333333333334,-0.24157208286989795
PCA,6,404,LR,M,-0.5308333333333333,-0.5512842645129918
HU,6,404,NC,A,-0.24000000000000002,-0.22556418830124025
HU,6,404,NC,D,-0.14833333333333332,-0.15899590382240042
HU,6,404,NC,M,-0.16833333333333333,-0.16176576902293743
HU,6,404,LR,A,-0.4016666666666667,-0.3829095032273414
HU,6,404,LR,D,-0.31,-0.3163412187485016
HU,6,404,LR,M,-0.33,-0.3191110839490386
ZERNIKE,6,404,NC,A,-0.24000000000000005,-0.22660770296869442
ZERNIKE,6,404,NC,D,-0.20666666666666667,-0.19879900928307775
ZERNIKE,6,404,NC,M,-0.38333333333333336,-0.3765721371289082
ZERNIKE,6,404,LR,A,-0.2758333333333333,-0.2717351701959783
ZERNIKE,6,404,LR,D,-0.24249999999999994,-0.24392647651036165
ZERNIKE,6,404,LR,M,-0.41916666666666663,-0.4216996043561921
PCA,7,404,NC,A,-0.11571428571428566,-0.11108913385719854
PCA,7,404,NC,D,-0.16214285714285714,-0.1670331243808787
PCA,7,404,NC,M,-0.5057142857142858,-0.5189251252923017
PCA,7,404,LR,A,-0.16142857142857137,-0.1576250021887482
PCA,7,404,LR,D,-0.20785714285714285,-0.21356899271242835
PCA,7,404,LR,M,-0.5514285714285714,-0.5654609936238513
HU,7,404,NC,A,-0.26785714285714285,-0.24549918562183895
HU,7,404,NC,D,-0.04999999999999999,-0.052864729125421006
HU,7,404,NC,M,-0.1707142857142857,-0.1569970316918276
HU,7,404,LR,A,-0.4514285714285714,-0.44486299123058737
HU,7,404,LR,D,-0.23357142857142854,-0.2522285347341694
HU,7,404,LR,M,-0.35428571428571426,-0.356360837300576
ZERNIKE,7,404,NC,A,-0.37785714285714284,-0.3698145742290424
ZERNIKE,7,404,NC,D,-0.34428571428571425,-0.3596036261116152
ZERNIKE,7,404,NC,M,-0.4707142857142857,-0.46763522867475
ZERNIKE,7,404,LR,A,-0.415,-0.4155102824252379
ZERNIKE,7,404,LR,D,-0.3814285714285714,-0.40529933430781073
ZERNIKE,7,404,LR,M,-0.5078571428571428,-0.5133309368709456
PCA,8,404,NC,A,-0.20999999999999996,-0.20816642199023183
PCA,8,404,NC,D,-0.20062499999999994,-0.20112217517671926
PCA,8,404,NC,M,-0.6224999999999999,-0.6236167211950105
PCA,8,404,LR,A,-0.24062499999999998,-0.23855195796638284
PCA,8,404,LR,D,-0.23124999999999996,-0.23150771115287028
PCA,8,404,LR,M,-0.653125,-0.6540022571711617
HU,8,404,NC,A,-0.2275,-0.21322338082933012
HU,8,404,NC,D,-0.14937500000000004,-0.15601777818904833
HU,8,404,NC,M,-0.19312500000000002,-0.1791125551146213
HU,8,404,LR,A,-0.42437500000000006,-0.42652821095519433
HU,8,404,LR,D,-0.34625000000000006,-0.36932260831491254
HU,8,404,LR,M,-0.39,-0.39241738524048553
ZERNIKE,8,404,NC,A,-0.37000000000000005,-0.3994870831086247
ZERNIKE,8,404,NC,D,-0.3325000000000001,-0.3309931073720876
ZERNIKE,8,404,NC,M,-0.39062500000000006,-0.40112886464386266
ZERNIKE,8,404,LR,A,-0.413125,-0.45241418565897795
ZERNIKE,8,404,LR,D,-0.37562500000000004,-0.38392020992244086
ZERNIKE,8,404,LR,M,-0.43375,-0.4540559671942159
PCA,9,404,NC,A,-0.3727777777777778,-0.39315101690442533
PCA,9,404,NC,D,-0.15722222222222226,-0.16050794798409307
PCA,9,404,NC,M,-0.53,-0.5578620402810974
PCA,9,404,LR,A,-0.4183333333333334,-0.4379840035277065
PCA,9,404,LR,D,-0.20277777777777783,-0.20534093460737424
PCA,9,404,LR,M,-0.5755555555555556,-0.6026950269043786
HU,9,404,NC,A,-0.17666666666666667,-0.17398174763539187
HU,9,404,NC,D,-0.1166666666666667,-0.10166237093825276
HU,9,404,NC,M,-0.1888888888888889,-0.19060359329122842
HU,9,404,LR,A,-0.37555555555555553,-0.3896926589393602
HU,9,404,LR,D,-0.31555555555555553,-0.3173732822422211
HU,9,404,LR,M,-0.3877777777777778,-0.4063145045951968
ZERNIKE,9,404,NC,A,-0.2522222222222222,-0.24767941283173345
ZERNIKE,9,404,NC,D,-0.2733333333333333,-0.27933817674333256
ZERNIKE,9,404,NC,M,-0.4083333333333333,-0.4119509590195862
ZERNIKE,9,404,LR,A,-0.30777777777777776,-0.31375386477529355
ZERNIKE,9,404,LR,D,-0.3288888888888889,-0.34541262868689265
ZERNIKE,9,404,LR,M,-0.4638888888888889,-0.4780254109631463
PCA,10,404,NC,A,-0.3465,-0.3684868935269885
PCA,10,404,NC,D,-0.295,-0.2958043342723575
PCA,10,404,NC,M,-0.5525,-0.5577551401685118
PCA,10,404,LR,A,-0.39299999999999996,-0.4151751932003551
PCA,10,404,LR,D,-0.34149999999999997,-0.34249263394572416
PCA,10,404,LR,M,-0.599,-0.6044434398418784
HU,10,404,NC,A,-0.11199999999999999,-0.12372424114041036
HU,10,404,NC,D,-0.1735,-0.1658912487518598
HU,10,404,NC,M,-0.17049999999999998,-0.1612867304361458
HU,10,404,LR,A,-0.3045,-0.32935472552940004
HU,10,404,LR,D,-0.366,-0.37152173314084946
HU,10,404,LR,M,-0.363,-0.3669172148251355
ZERNIKE,10,404,NC,A,-0.2625,-0.266782654622914
ZERNIKE,10,404,NC,D,-0.23700000000000004,-0.23143817003991884
ZERNIKE,10,404,NC,M,-0.43300000000000005,-0.4238812338172801
ZERNIKE,10,404,LR,A,-0.32749999999999996,-0.3411718025932187
ZERNIKE,10,404,LR,D,-0.302,-0.30582731801022356
ZERNIKE,10,404,LR,M,-0.498,-0.4982703817875848
PCA,3,505,NC,A,-0.27333333333333343,-0.3835221440149609
PCA,3,505,NC,D,0.011666666666666603,0.011616635272115317
PCA,3,505,NC,M,-0.32833333333333337,-0.33263681649507504
PCA,3,505,LR,A,-0.32000000000000006,-0.4302838136456947
PCA,3,505,LR,D,-0.03500000000000003,-0.03514503435861849
PCA,3,505,LR,M,-0.375,-0.37939848612580884
HU,3,505,NC,A,-0.05833333333333335,-0.16130504386535194
HU,3,505,NC,D,-0.10333333333333339,-0.11746252262880474
HU,3,505,NC,M,-0.010000000000000009,-0.008237895238403126
HU,3,505,LR,A,-0.2533333333333333,-0.3574047508880446
HU,3,505,LR,D,-0.29833333333333334,-0.3135622296514974
HU,3,505,LR,M,-0.20499999999999996,-0.20433760226109576
ZERNIKE,3,505,NC,A,-0.1316666666666667,-0.14915168292001157
ZERNIKE,3,505,NC,D,-0.2383333333333334,-0.23812998680824926
ZERNIKE,3,505,NC,M,-0.3666666666666667,-0.3648624815203725
ZERNIKE,3,505,LR,A,-0.15666666666666673,-0.17461088939317504
ZERNIKE,3,505,LR,D,-0.2633333333333334,-0.2635891932814127
ZERNIKE,3,505,LR,M,-0.3916666666666667,-0.39032168799353595
PCA,4,505,NC,A,-0.49125,-0.5537535427961802
PCA,4,505,NC,D,-0.12249999999999994,-0.1163743210134559
PCA,4,505,NC,M,-0.43374999999999997,-0.46002089186312634
PCA,4,505,LR,A,-0.5387500000000001,-0.6012591512401326
PCA,4,505,LR,D,-0.16999999999999993,-0.16387992945740848
PCA,4,505,LR,M,-0.48124999999999996,-0.5075265003070789
HU,4,505,NC,A,-0.12125000000000002,-0.23745076697951772
HU,4,505,NC,D,0.11749999999999994,0.08367491317178022
HU,4,505,NC,M,-0.04249999999999998,-0.0336880330817283
HU,4,505,LR,A,-0.36000000000000004,-0.47706480973609156
HU,4,505,LR,D,-0.12125000000000008,-0.1559391295847936
HU,4,505,LR,M,-0.28125,-0.2733020758383021
ZERNIKE,4,505,NC,A,-0.32375,-0.39577338243315524
ZERNIKE,4,505,NC,D,-0.27,-0.2678015853776152
ZERNIKE,4,505,NC,M,-0.35374999999999995,-0.3384748290785672
ZERNIKE,4,505,LR,A,-0.36375,-0.43855299946064924
ZERNIKE,4,505,LR,D,-0.31000000000000005,-0.3105812024051092
ZERNIKE,4,505,LR,M,-0.39375,-0.3812544461060612
PCA,5,505,NC,A,-0.32400000000000007,-0.3390074300954423
PCA,5,505,NC,D,-0.16700000000000004,-0.23415841665200754
PCA,5,505,NC,M,-0.523,-0.5337455264716606
PCA,5,505,LR,A,-0.3580000000000001,-0.37322138180050046
PCA,5,505,LR,D,-0.20100000000000007,-0.2683723683570657
PCA,5,505,LR,M,-0.557,-0.5679594781767188
HU,5,505,NC,A,-0.07800000000000001,-0.12033299950083765
HU,5,505,NC,D,-0.03700000000000003,-0.03890744306918692
HU,5,505,NC,M,-0.10400000000000004,-0.09459908546471285
HU,5,505,LR,A,-0.287,-0.32410041663747957
HU,5,505,LR,D,-0.246,-0.24267486020582885
HU,5,505,LR,M,-0.313,-0.2983665026013548
ZERNIKE,5,505,NC,A,-0.31100000000000005,-0.3584863814044697
ZERNIKE,5,505,NC,D,-0.133,-0.1630929481494484
ZERNIKE,5,505,NC,M,-0.393,-0.3878445834940637
ZERNIKE,5,505,LR,A,-0.33000000000000007,-0.37711170919001663
ZERNIKE,5,505,LR,D,-0.15200000000000002,-0.18171827593499534
ZERNIKE,5,505,LR,M,-0.41200000000000003,-0.40646991127961063
PCA,6,505,NC,A,-0.3233333333333333,-0.33911792441738137
PCA,6,505,NC,D,-0.22499999999999998,-0.2309672748316064
PCA,6,505,NC,M,-0.5083333333333333,-0.5180817841642049
PCA,6,505,LR,A,-0.38833333333333336,-0.40518845638670636
PCA,6,505,LR,D,-0.29000000000000004,-0.2970378068009314
PCA,6,505,LR,M,-0.5733333333333334,-0.5841523161335298
HU,6,505,NC,A,-0.135,-0.14394109943221056
HU,6,505,NC,D,-0.08833333333333332,-0.15398472840620359
HU,6,505,NC,M,-0.19416666666666665,-0.19344702144043535
HU,6,505,LR,A,-0.3183333333333333,-0.32046403473467205
HU,6,505,LR,D,-0.2716666666666666,-0.3305076637086651
HU,6,505,LR,M,-0.37749999999999995,-0.36996995674289684
ZERNIKE,6,505,NC,A,-0.1708333333333334,-0.1893437664831349
ZERNIKE,6,505,NC,D,-0.1316666666666667,-0.10535418664056562
ZERNIKE,6,505,NC,M,-0.4216666666666667,-0.4078695825219634
ZERNIKE,6,505,LR,A,-0.21166666666666667,-0.2342762185296634
ZERNIKE,6,505,LR,D,-0.1725,-0.15028663868709413
ZERNIKE,6,505,LR,M,-0.46249999999999997,-0.45280203456849194
PCA,7,505,NC,A,-0.11357142857142855,-0.12192727936802894
PCA,7,505,NC,D,-0.1271428571428571,-0.12826653651191833
PCA,7,505,NC,M,-0.5864285714285714,-0.5895414368522249
PCA,7,505,LR,A,-0.17000000000000004,-0.1794696567198517
PCA,7,505,LR,D,-0.1835714285714286,-0.1858089138637411
PCA,7,505,LR,M,-0.6428571428571429,-0.6470838142040477
HU,7,505,NC,A,-0.19999999999999998,-0.2024934774514498
HU,7,505,NC,D,-0.042857142857142816,-0.0693401237266158
HU,7,505,NC,M,-0.16214285714285714,-0.15576160802887384
HU,7,505,LR,A,-0.4164285714285715,-0.4264926642136433
HU,7,505,LR,D,-0.2592857142857143,-0.2933393104888093
HU,7,505,LR,M,-0.3785714285714286,-0.37976079479106734
ZERNIKE,7,505,NC,A,-0.24999999999999994,-0.2823590699083112
ZERNIKE,7,505,NC,D,-0.2221428571428571,-0.22916070141477218
ZERNIKE,7,505,NC,M,-0.42571428571428566,-0.43567710412214455
ZERNIKE,7,505,LR,A,-0.29571428571428576,-0.33355824112681426
ZERNIKE,7,505,LR,D,-0.2678571428571429,-0.2803598726332752
ZERNIKE,7,505,LR,M,-0.4714285714285715,-0.4868762753406476
PCA,8,505,NC,A,-0.41312499999999996,-0.4294457320359638
PCA,8,505,NC,D,-0.13374999999999992,-0.15350825799066525
PCA,8,505,NC,M,-0.546875,-0.5439021497118094
PCA,8,505,LR,A,-0.448125,-0.46404152724141756
PCA,8,505,LR,D,-0.16874999999999996,-0.188104053196119
PCA,8,505,LR,M,-0.581875,-0.5784979449172631
HU,8,505,NC,A,-0.14687499999999998,-0.14974841237965486
HU,8,505,NC,D,-0.181875,-0.19051052039543886
HU,8,505,NC,M,-0.078125,-0.05036534061566472
HU,8,505,LR,A,-0.37437499999999996,-0.3903091627254685
HU,8,505,LR,D,-0.409375,-0.4310712707412525
HU,8,505,LR,M,-0.305625,-0.29092609096147837
ZERNIKE,8,505,NC,A,-0.32312500000000005,-0.335170922431252
ZERNIKE,8,505,NC,D,-0.33375000000000005,-0.3745019601228091
ZERNIKE,8,505,NC,M,-0.47875,-0.4601723707318024
ZERNIKE,8,505,LR,A,-0.38000000000000006,-0.3997605385619172
ZERNIKE,8,505,LR,D,-0.39062500000000006,-0.4390915762534743
ZERNIKE,8,505,LR,M,-0.535625,-0.5247619868624676
PCA,9,505,NC,A,-0.5294444444444444,-0.5603892084828592
PCA,9,505,NC,D,-0.2055555555555556,-0.20430768768458563
PCA,9,505,NC,M,-0.5711111111111111,-0.5913195252311996
PCA,9,505,LR,A,-0.5755555555555556,-0.606198267616177
PCA,9,505,LR,D,-0.2516666666666667,-0.2501167468179034
PCA,9,505,LR,M,-0.6172222222222222,-0.6371285843645174
HU,9,505,NC,A,-0.16499999999999998,-0.16398949431990334
HU,9,505,NC,D,-0.09444444444444444,-0.10719169033889711
HU,9,505,NC,M,-0.09444444444444444,-0.07305262207263258
HU,9,505,LR,A,-0.3911111111111111,-0.4091228890978712
HU,9,505,LR,D,-0.32055555555555554,-0.352325085116865
HU,9,505,LR,M,-0.32055555555555554,-0.31818601685060044
ZERNIKE,9,505,NC,A,-0.33999999999999997,-0.35083157108265817
ZERNIKE,9,505,NC,D,-0.1622222222222222,-0.1411639319821683
ZERNIKE,9,505,NC,M,-0.45666666666666667,-0.45099852781535776
ZERNIKE,9,505,LR,A,-0.3977777777777778,-0.420536206536258
ZERNIKE,9,505,LR,D,-0.22000000000000003,-0.21086856743576815
ZERNIKE,9,505,LR,M,-0.5144444444444445,-0.5207031632689576
PCA,10,505,NC,A,-0.452,-0.4704591253064347
PCA,10,505,NC,D,-0.37,-0.3763444014004459
PCA,10,505,NC,M,-0.533,-0.5518627485734137
PCA,10,505,LR,A,-0.5055000000000001,-0.5247794521764098
PCA,10,505,LR,D,-0.4235,-0.4306647282704209
PCA,10,505,LR,M,-0.5865,-0.6061830754433887
HU,10,505,NC,A,-0.15200000000000002,-0.20262976778441308
HU,10,505,NC,D,-0.1365,-0.1349193472272776
HU,10,505,NC,M,-0.12050000000000002,-0.12096233916145771
HU,10,505,LR,A,-0.36800000000000005,-0.43053936998563314
HU,10,505,LR,D,-0.35250000000000004,-0.3628289494284977
HU,10,505,LR,M,-0.3365,-0.3488719413626778
ZERNIKE,10,505,NC,A,-0.30699999999999994,-0.3361043645180045
ZERNIKE,10,505,NC,D,-0.13499999999999995,-0.1111061940491122
ZERNIKE,10,505,NC,M,-0.4255,-0.4087681081078142
ZERNIKE,10,505,LR,A,-0.383,-0.42287749400776486
ZERNIKE,10,505,LR,D,-0.21100000000000002,-0.19787932353887255
ZERNIKE,10,505,LR,M,-0.5015000000000001,-0.49554123759757457
