model_code,architecture,feature_method,seed,accuracy,accuracy_merged_6_9,six_nine_confusions,six_nine_confusion_rate,share_of_errors_6_9
B,MORE-HD-60P,PCA,101,0.559,0.559,0,0.0,0.0
B,MORE-HD-60P,PCA,202,0.5735,0.5745,2,0.005,0.0023446658851113715
B,MORE-HD-60P,PCA,303,0.6265,0.6275,2,0.005,0.002677376171352075
B,MORE-HD-60P,PCA,404,0.572,0.5745,5,0.0125,0.005841121495327103
B,MORE-HD-60P,PCA,505,0.607,0.6075,1,0.0025,0.001272264631043257
C,MORE-HD-C-FixedRZ,PCA,101,0.4805,0.4865,12,0.03,0.011549566891241578
C,MORE-HD-C-FixedRZ,PCA,202,0.355,0.36,10,0.025,0.007751937984496124
C,MORE-HD-C-FixedRZ,PCA,303,0.333,0.335,4,0.01,0.0029985007496251873
C,MORE-HD-C-FixedRZ,PCA,404,0.348,0.3525,9,0.0225,0.006901840490797546
C,MORE-HD-C-FixedRZ,PCA,505,0.404,0.404,0,0.0,0.0
B,MORE-HD-60P,HU,101,0.22,0.2285,17,0.0425,0.010897435897435897
B,MORE-HD-60P,HU,202,0.3005,0.3535,106,0.265,0.07576840600428877
B,MORE-HD-60P,HU,303,0.302,0.3635,123,0.3075,0.08810888252148998
B,MORE-HD-60P,HU,404,0.236,0.3165,161,0.4025,0.10536649214659685
B,MORE-HD-60P,HU,505,0.2945,0.3085,28,0.07,0.019844082211197732
C,MORE-HD-C-FixedRZ,HU,101,0.2225,0.307,169,0.4225,0.10868167202572347
C,MORE-HD-C-FixedRZ,HU,202,0.1575,0.212,109,0.2725,0.06468842729970327
C,MORE-HD-C-FixedRZ,HU,303,0.1705,0.1785,16,0.04,0.009644364074743821
C,MORE-HD-C-FixedRZ,HU,404,0.2925,0.333,81,0.2025,0.05724381625441696
C,MORE-HD-C-FixedRZ,HU,505,0.242,0.2675,51,0.1275,0.033641160949868076
B,MORE-HD-60P,ZERNIKE,101,0.4395,0.4465,14,0.035,0.012488849241748439
B,MORE-HD-60P,ZERNIKE,202,0.4655,0.484,37,0.0925,0.03461178671655753
B,MORE-HD-60P,ZERNIKE,303,0.3565,0.36,7,0.0175,0.005439005439005439
B,MORE-HD-60P,ZERNIKE,404,0.4165,0.44,47,0.1175,0.04027420736932305
B,MORE-HD-60P,ZERNIKE,505,0.4475,0.4705,46,0.115,0.0416289592760181
C,MORE-HD-C-FixedRZ,ZERNIKE,101,0.3125,0.333,41,0.1025,0.029818181818181817
C,MORE-HD-C-FixedRZ,ZERNIKE,202,0.2725,0.2925,40,0.1,0.027491408934707903
C,MORE-HD-C-FixedRZ,ZERNIKE,303,0.391,0.3965,11,0.0275,0.0090311986863711
C,MORE-HD-C-FixedRZ,ZERNIKE,404,0.362,0.377,30,0.075,0.023510971786833857
C,MORE-HD-C-FixedRZ,ZERNIKE,505,0.356,0.4,88,0.22,0.06832298136645963
D,MORE-HD-C,HU,101,0.172,0.261,178,0.445,0.10748792270531402
D,MORE-HD-C,HU,202,0.1895,0.222,65,0.1625,0.040098704503392965
D,MORE-HD-C,HU,303,0.1825,0.2525,140,0.35,0.0856269113149847
D,MORE-HD-C,HU,404,0.1785,0.189,21,0.0525,0.01278149726110773
D,MORE-HD-C,HU,505,0.1975,0.229,63,0.1575,0.03925233644859813
A,MORE-HD,HU,101,0.1765,0.1765,0,0.0,0.0
A,MORE-HD,HU,202,0.2155,0.2405,50,0.125,0.03186743148502231
A,MORE-HD,HU,303,0.2285,0.2715,86,0.215,0.05573558003888529
A,MORE-HD,HU,404,0.24,0.3105,141,0.3525,0.09276315789473684
A,MORE-HD,HU,505,0.182,0.253,142,0.355,0.08679706601466992
D,MORE-HD-C,PCA,101,0.469,0.4695,1,0.0025,0.0009416195856873823
D,MORE-HD-C,PCA,202,0.461,0.47,18,0.045,0.016697588126159554
D,MORE-HD-C,PCA,303,0.362,0.3715,19,0.0475,0.014890282131661442
D,MORE-HD-C,PCA,404,0.441,0.441,0,0.0,0.0
D,MORE-HD-C,PCA,505,0.375,0.3775,5,0.0125,0.004
A,MORE-HD,PCA,101,0.2945,0.295,1,0.0025,0.0007087172218284905
A,MORE-HD,PCA,202,0.382,0.398,32,0.08,0.025889967637540454
A,MORE-HD,PCA,303,0.2325,0.234,3,0.0075,0.001954397394136808
A,MORE-HD,PCA,404,0.3895,0.3895,0,0.0,0.0
A,MORE-HD,PCA,505,0.293,0.293,0,0.0,0.0
D,MORE-HD-C,ZERNIKE,101,0.418,0.428,20,0.05,0.01718213058419244
D,MORE-HD-C,ZERNIKE,202,0.3995,0.4105,22,0.055,0.018318068276436304
D,MORE-HD-C,ZERNIKE,303,0.3015,0.3205,38,0.095,0.02720114531138153
D,MORE-HD-C,ZERNIKE,404,0.3625,0.39,55,0.1375,0.043137254901960784
D,MORE-HD-C,ZERNIKE,505,0.447,0.4875,81,0.2025,0.07323688969258589
A,MORE-HD,ZERNIKE,101,0.3215,0.3335,24,0.06,0.017686072218128224
A,MORE-HD,ZERNIKE,202,0.2715,0.2865,30,0.075,0.02059025394646534
A,MORE-HD,ZERNIKE,303,0.2645,0.267,5,0.0125,0.003399048266485384
A,MORE-HD,ZERNIKE,404,0.337,0.3855,97,0.2425,0.07315233785822021
A,MORE-HD,ZERNIKE,505,0.275,0.2985,47,0.1175,0.032413793103448274
M,MORE-REPRO,PCA,101,0.1595,0.1875,56,0.14,0.03331350386674598
M,MORE-REPRO,PCA,202,0.2095,0.215,11,0.0275,0.006957621758380772
M,MORE-REPRO,PCA,303,0.1965,0.2015,10,0.025,0.006222775357809583
M,MORE-REPRO,PCA,404,0.1835,0.2075,48,0.12,0.029393753827311696
M,MORE-REPRO,PCA,505,0.212,0.223,22,0.055,0.013959390862944163
M,MORE-REPRO,HU,101,0.1575,0.2105,106,0.265,0.0629080118694362
M,MORE-REPRO,HU,202,0.2025,0.242,79,0.1975,0.049529780564263326
M,MORE-REPRO,HU,303,0.2185,0.2745,112,0.28,0.07165706973768395
M,MORE-REPRO,HU,404,0.1815,0.2095,56,0.14,0.03420891875381796
M,MORE-REPRO,HU,505,0.2135,0.275,123,0.3075,0.07819453273998729
M,MORE-REPRO,ZERNIKE,101,0.2185,0.265,93,0.2325,0.05950095969289827
M,MORE-REPRO,ZERNIKE,202,0.1305,0.2055,150,0.375,0.08625646923519265
M,MORE-REPRO,ZERNIKE,303,0.157,0.1855,57,0.1425,0.033807829181494664
M,MORE-REPRO,ZERNIKE,404,0.1665,0.17,7,0.0175,0.004199160167966407
M,MORE-REPRO,ZERNIKE,505,0.1565,0.2005,88,0.22,0.05216360403082395
NC,NC,HU,101,0.329,0.3865,115,0.2875,0.08569299552906111
LR,LR,HU,101,0.545,0.577,64,0.16,0.07032967032967033
NC,NC,PCA,101,0.7145,0.7145,0,0.0,0.0
LR,LR,PCA,101,0.777,0.777,0,0.0,0.0
NC,NC,ZERNIKE,101,0.5725,0.579,13,0.0325,0.0152046783625731
LR,LR,ZERNIKE,101,0.6575,0.6615,8,0.02,0.01167883211678832
NC,NC,HU,202,0.367,0.4135,93,0.2325,0.07345971563981042
LR,LR,HU,202,0.5625,0.59,55,0.1375,0.06285714285714286
NC,NC,PCA,202,0.7415,0.742,1,0.0025,0.0019342359767891683
LR,LR,PCA,202,0.7955,0.796,1,0.0025,0.0024449877750611247
NC,NC,ZERNIKE,202,0.5795,0.585,11,0.0275,0.013079667063020214
LR,LR,ZERNIKE,202,0.66,0.665,10,0.025,0.014705882352941176
NC,NC,HU,303,0.339,0.3935,109,0.2725,0.08245083207261725
LR,LR,HU,303,0.545,0.572,54,0.135,0.05934065934065934
NC,NC,PCA,303,0.714,0.714,0,0.0,0.0
LR,LR,PCA,303,0.7765,0.7765,0,0.0,0.0
NC,NC,ZERNIKE,303,0.571,0.5795,17,0.0425,0.019813519813519812
LR,LR,ZERNIKE,303,0.6415,0.652,21,0.0525,0.029288702928870293
NC,NC,HU,404,0.352,0.4055,107,0.2675,0.08256172839506173
LR,LR,HU,404,0.5445,0.5795,70,0.175,0.07683863885839737
NC,NC,PCA,404,0.736,0.736,0,0.0,0.0
LR,LR,PCA,404,0.7825,0.7825,0,0.0,0.0
NC,NC,ZERNIKE,404,0.5995,0.6055,12,0.03,0.0149812734082397
LR,LR,ZERNIKE,404,0.6645,0.673,17,0.0425,0.02533532041728763
NC,NC,HU,505,0.334,0.3875,107,0.2675,0.08033033033033032
LR,LR,HU,505,0.55,0.582,64,0.16,0.07111111111111111
NC,NC,PCA,505,0.745,0.745,0,0.0,0.0
LR,LR,PCA,505,0.7985,0.7985,0,0.0,0.0
NC,NC,ZERNIKE,505,0.582,0.5915,19,0.0475,0.022727272727272728
LR,LR,ZERNIKE,505,0.658,0.663,10,0.025,0.014619883040935672
