seed,feature_method,K,a_right_b_wrong,a_wrong_b_right,p_value,p_value_holm_within_seed
101,PCA,3,27,8,0.0018782254774123432,0.02253870572894812
101,PCA,4,103,266,9.717665804317993e-18,2.0407098189067785e-16
101,PCA,5,91,239,1.8052631675357993e-16,3.610526335071598e-15
101,PCA,6,259,259,1.0,1.0
101,PCA,7,246,228,0.4349308011382154,1.0
101,PCA,8,277,322,0.0721215332408396,0.6490937991675564
101,PCA,9,265,689,3.834905918914691e-44,9.203774205395258e-43
101,PCA,10,225,574,5.853487010009629e-36,1.3463020123022147e-34
101,HU,3,146,52,1.598854171828184e-11,2.718052092107913e-10
101,HU,4,195,159,0.06270055113931733,0.6270055113931733
101,HU,5,156,279,3.914294710176176e-09,6.262871536281882e-08
101,HU,6,199,153,0.01634043631781334,0.17974479949594677
101,HU,7,162,318,9.511867795107187e-13,1.7121362031192938e-11
101,HU,8,227,252,0.2728048516796213,1.0
101,HU,9,329,245,0.0005205971060981804,0.006767762379276345
101,HU,10,258,249,0.722408841510638,1.0
101,ZERNIKE,3,62,72,0.43699054908597257,1.0
101,ZERNIKE,4,69,152,2.399726772696697e-08,3.5995901590450453e-07
101,ZERNIKE,5,117,119,0.9481171285953612,1.0
101,ZERNIKE,6,201,105,4.388154895910838e-08,6.143416854275173e-07
101,ZERNIKE,7,225,264,0.08561584266937512,0.684926741355001
101,ZERNIKE,8,143,340,1.4696928783106947e-19,3.2333243322835285e-18
101,ZERNIKE,9,268,287,0.4448616405131582,1.0
101,ZERNIKE,10,251,444,2.3063092247277635e-13,4.381987526982751e-12
202,PCA,3,12,158,1.1810354059193092e-33,2.59827789302248e-32
202,PCA,4,26,268,8.297737741544553e-52,1.9914570579706928e-50
202,PCA,5,99,186,2.8569391932259683e-07,2.8569391932259684e-06
202,PCA,6,120,400,3.411848214264909e-36,7.84725089280929e-35
202,PCA,7,508,210,2.282446999507794e-29,4.793138698966368e-28
202,PCA,8,189,474,3.678631443248225e-29,7.357262886496449e-28
202,PCA,9,355,351,0.9101151439476167,1.0
202,PCA,10,368,526,1.409404625431297e-07,1.5503450879744267e-06
202,HU,3,148,165,0.36582120602689905,1.0
202,HU,4,185,212,0.19186065547742925,0.767442621909717
202,HU,5,239,93,5.873742958819814e-16,8.810614438229721e-15
202,HU,6,182,376,1.5284874157562096e-16,2.4455798652099354e-15
202,HU,7,209,242,0.13176585270006771,0.6588292635003385
202,HU,8,281,468,8.417977749898466e-12,1.1785168849857852e-10
202,HU,9,221,439,1.530329187986368e-17,2.601559619576826e-16
202,HU,10,365,313,0.05007449768861598,0.3245215070410762
202,ZERNIKE,3,164,64,2.6531489335845854e-11,3.449093613659961e-10
202,ZERNIKE,4,163,167,0.8688622676477782,1.0
202,ZERNIKE,5,135,240,6.490726164662947e-08,7.788871397595536e-07
202,ZERNIKE,6,244,201,0.04636021529158231,0.3245215070410762
202,ZERNIKE,7,171,276,7.782997865640556e-07,6.226398292512445e-06
202,ZERNIKE,8,265,396,3.9304000881899696e-07,3.5373600793709724e-06
202,ZERNIKE,9,179,418,5.2747764648970316e-23,9.494597636814657e-22
202,ZERNIKE,10,209,465,2.6616162909662277e-23,5.057070952835833e-22
303,PCA,3,13,7,0.26317596435546875,0.7895278930664062
303,PCA,4,18,249,3.7557229790055203e-53,8.638162851712697e-52
303,PCA,5,43,210,1.4018114684815898e-27,2.80362293696318e-26
303,PCA,6,284,169,7.28022117540869e-08,1.0192309645572166e-06
303,PCA,7,199,428,3.272460917380189e-20,6.217675743022359e-19
303,PCA,8,656,199,1.136894406535928e-57,2.728546575686227e-56
303,PCA,9,271,446,6.578429318647378e-11,1.1183329841700543e-09
303,PCA,10,270,529,3.2965119865821305e-20,6.217675743022359e-19
303,HU,3,78,163,4.595251958296479e-08,6.892877937444719e-07
303,HU,4,150,156,0.775062614546502,0.871098143436678
303,HU,5,137,193,0.0024136915290215036,0.01930953223217203
303,HU,6,219,202,0.435549071718339,0.871098143436678
303,HU,7,234,203,0.15117761104335606,0.6047104441734242
303,HU,8,281,170,1.94031980109109e-07,2.328383761309308e-06
303,HU,9,251,374,9.827926539836732e-07,1.0810719193820405e-05
303,HU,10,340,248,0.00017005199382440835,0.0017005199382440835
303,ZERNIKE,3,89,31,1.1187721865433782e-07,1.4544038425063916e-06
303,ZERNIKE,4,230,119,2.8976569565997118e-09,4.636251130559539e-08
303,ZERNIKE,5,79,291,1.2274387345924613e-29,2.5776213426441686e-28
303,ZERNIKE,6,130,192,0.0006524799822370038,0.005872319840133034
303,ZERNIKE,7,304,260,0.0701041815086929,0.3505209075434645
303,ZERNIKE,8,289,220,0.0025439700116180546,0.01930953223217203
303,ZERNIKE,9,193,488,2.2821799440918024e-30,5.020795877001965e-29
303,ZERNIKE,10,288,362,0.004157601174757524,0.02494560704854514
404,PCA,3,68,47,0.06170860823922408,0.3308260746287189
404,PCA,4,120,129,0.6122584257423296,1.0
404,PCA,5,175,123,0.0030683869221329128,0.030683869221329128
404,PCA,6,197,354,2.223800627703669e-11,4.225221192636971e-10
404,PCA,7,259,194,0.0025999245974974204,0.028599170572471626
404,PCA,8,219,234,0.5107255614212208,1.0
404,PCA,9,169,557,3.462439971145539e-49,8.309855930749294e-48
404,PCA,10,344,447,0.0002819163978178947,0.0033829967738147363
404,HU,3,56,55,1.0,1.0
404,HU,4,78,280,7.633182475957753e-28,1.6793001447107056e-26
404,HU,5,120,273,8.047473581548588e-15,1.6094947163097176e-13
404,HU,6,171,281,2.586225778396853e-07,3.8793386675952796e-06
404,HU,7,136,441,1.576053728622665e-38,3.62492357583213e-37
404,HU,8,171,296,7.852815455829738e-09,1.3349786274910556e-07
404,HU,9,221,329,4.730793517712783e-06,6.150031573026618e-05
404,HU,10,335,212,1.6271665551738422e-07,2.6034664882781475e-06
404,ZERNIKE,3,121,38,2.7484612215796557e-11,4.947230198843381e-10
404,ZERNIKE,4,104,273,1.3087574366547498e-18,2.7483906169749745e-17
404,ZERNIKE,5,145,76,4.031074893667269e-06,5.643504851134177e-05
404,ZERNIKE,6,172,212,0.04642671979853834,0.3308260746287189
404,ZERNIKE,7,231,278,0.04135325932858986,0.3308260746287189
404,ZERNIKE,8,196,256,0.005459777399936647,0.04913799659942982
404,ZERNIKE,9,338,300,0.14290368460483815,0.5716147384193526
404,ZERNIKE,10,312,363,0.05421132022591881,0.3308260746287189
505,PCA,3,14,185,2.952003894691242e-39,6.199208178851608e-38
505,PCA,4,71,366,5.944364024387847e-49,1.3077600853653264e-47
505,PCA,5,72,229,3.1754096984605e-20,5.39819648738285e-19
505,PCA,6,167,285,3.135904289157637e-08,4.3902660048206914e-07
505,PCA,7,190,171,0.34346291043101945,0.7775769311635168
505,PCA,8,242,689,2.393160444540286e-50,5.5042690224426574e-49
505,PCA,9,144,727,2.3780055662076597e-94,5.707213358898383e-93
505,PCA,10,372,536,5.8429731675153834e-08,7.595865117769998e-07
505,HU,3,80,53,0.023801099334890996,0.16660769534423697
505,HU,4,162,353,2.434088367349128e-17,3.651132551023692e-16
505,HU,5,146,187,0.02822943656754388,0.168614706313939
505,HU,6,199,255,0.009766897911963527,0.09766897911963528
505,HU,7,200,420,6.119135502495031e-19,9.79061680399205e-18
505,HU,8,342,286,0.028102451052323167,0.168614706313939
505,HU,9,310,437,3.825885735650308e-06,4.232356512372337e-05
505,HU,10,338,369,0.2591923103878389,0.7775769311635168
505,ZERNIKE,3,126,62,3.526963760310281e-06,4.232356512372337e-05
505,ZERNIKE,4,123,166,0.013351611851893062,0.12016450666703757
505,ZERNIKE,5,61,239,4.6721874362378984e-26,8.409937385228218e-25
505,ZERNIKE,6,174,221,0.02052290777605441,0.1641832622084353
505,ZERNIKE,7,287,326,0.12476211635081219,0.49904846540324876
505,ZERNIKE,8,195,178,0.4074497603319521,0.7775769311635168
505,ZERNIKE,9,168,488,4.441924286650182e-37,8.883848573300365e-36
505,ZERNIKE,10,220,564,1.2504630699919316e-35,2.37587983298467e-34
