contrast,feature_method,K,metric,seeds,n_pairs,mean_delta,sd_delta,median_delta,iqr_delta,ci95_low,ci95_high,hedges_g,sign_flip_p,deltas,MORE_TableI_without_R_pct,MORE_TableI_with_R_pct
M-A (A-M),HU,3,accuracy,"101,202,303,404,505",5,-0.029000000000000005,0.07610847521794138,0.0050000000000000044,0.06500000000000006,-0.12350115363630121,0.06550115363630118,-0.30482807510681764,0.625,"0.035,0.005,-0.153333,0.0166667,-0.0483333",84.13,88.7
M-A (A-M),HU,3,f1_macro,"101,202,303,404,505",5,-0.05321338388091971,0.10118610881298025,0.005532340012846637,0.17317851680799612,-0.1788525323123259,0.0724257645504865,-0.4207169106919423,0.5,"0.0346908,0.00553234,-0.173334,0.0201114,-0.153067",84.13,88.7
M-A (A-M),HU,3,min_separation,"101,202,303,404,505",5,-0.30053462577956197,0.3328925212796507,-0.10784233859077186,0.36089623971035467,-0.7138752847237847,0.11280603316466076,-0.7222382158044193,0.0625,"-0.446243,-0.0853468,-0.0415976,-0.107842,-0.821643",84.13,88.7
M-A (A-M),HU,3,min_separation_ratio,"101,202,303,404,505",5,-0.20035641718637462,0.22192834751976714,-0.0718948923938479,0.24059749314023646,-0.47591685648252313,0.07520402210977387,-0.722238215804419,0.0625,"-0.297495,-0.0568979,-0.0277317,-0.0718949,-0.547762",84.13,88.7
M-A (A-M),HU,4,accuracy,"101,202,303,404,505",5,-0.05325,0.10538841848134928,0.006249999999999978,0.09125000000000005,-0.18410700505592362,0.07760700505592363,-0.4042189892766915,0.5,"0.0125,0.02125,0.00625,-0.2275,-0.07875",63.45,70.1
M-A (A-M),HU,4,f1_macro,"101,202,303,404,505",5,-0.10814224278111353,0.1353835304795826,-0.037110739135488735,0.1838917134610752,-0.2762430985273332,0.059958612965106156,-0.6390274645551374,0.125,"0.0170302,-0.019871,-0.0371107,-0.296997,-0.203763",63.45,70.1
M-A (A-M),HU,4,min_separation,"101,202,303,404,505",5,0.18881279093372977,0.45514734647373384,0.013764575861723638,0.36932567916085113,-0.3763272830606805,0.75395286492814,0.3318710609152168,0.4375,"0.0137646,0.316895,0.916809,-0.250974,-0.052431",63.45,70.1
M-A (A-M),HU,4,min_separation_ratio,"101,202,303,404,505",5,0.14160959320029734,0.34136050985530036,0.010323431896292729,0.2769942593706384,-0.2822454622955103,0.565464648696105,0.33187106091521684,0.4375,"0.0103234,0.237671,0.687607,-0.18823,-0.0393232",63.45,70.1
M-A (A-M),HU,5,accuracy,"101,202,303,404,505",5,-0.0796,0.06589613038714794,-0.08400000000000002,0.01899999999999996,-0.16142085272266266,0.002220852722662661,-0.9663693395328694,0.125,"-0.155,-0.083,-0.084,-0.102,0.026",53.5,63.3
M-A (A-M),HU,5,f1_macro,"101,202,303,404,505",5,-0.10827361674665811,0.0542152253433719,-0.1063842736707663,0.03563242235942182,-0.1755907102100273,-0.040956523283288915,-1.5976857579900499,0.0625,"-0.172286,-0.100666,-0.136298,-0.106384,-0.0257339",53.5,63.3
M-A (A-M),HU,5,min_separation,"101,202,303,404,505",5,-0.07555414364945542,0.10542140076532606,-0.02355704427695804,0.06558056119929234,-0.20645210161997155,0.0553438143210607,-0.573349571156947,0.0625,"-0.00381309,-0.0796499,-0.256681,-0.0140693,-0.023557",53.5,63.3
M-A (A-M),HU,5,min_separation_ratio,"101,202,303,404,505",5,-0.06044331491956434,0.08433712061226084,-0.018845635421566434,0.052464448959433876,-0.16516168129597722,0.04427505145684854,-0.5733495711569471,0.0625,"-0.00305047,-0.0637199,-0.205345,-0.0112555,-0.0188456",53.5,63.3
M-A (A-M),HU,6,accuracy,"101,202,303,404,505",5,-0.04533333333333335,0.05866157648372192,-0.07166666666666668,0.009166666666666656,-0.11817130093104741,0.027504634264380712,-0.6182354590611858,0.125,"-0.0783333,-0.0725,-0.0633333,-0.0716667,0.0591667",40.48,50.2
M-A (A-M),HU,6,f1_macro,"101,202,303,404,505",5,-0.06705300060027489,0.07054412099766216,-0.07519284893287292,0.057147510728285195,-0.15464509592800219,0.02053909472745241,-0.7604092264754085,0.125,"-0.124834,-0.0751928,-0.120946,-0.0637984,0.0495059",40.48,50.2
M-A (A-M),HU,6,min_separation,"101,202,303,404,505",5,0.036924696489110766,0.051147733072164435,0.01427576495117222,0.07513602193571611,-0.02658360225633182,0.10043299523455335,0.5775379555846769,0.25,"0.106781,0.0142758,-0.000536062,0.0746,-0.0104968",40.48,50.2
M-A (A-M),HU,6,min_separation_ratio,"101,202,303,404,505",5,0.030770580407592302,0.042623110893470366,0.011896470792643518,0.06261335161309677,-0.022153001880276527,0.08369416269546114,0.5775379555846768,0.25,"0.0889839,0.0118965,-0.000446718,0.0621666,-0.00874736",40.48,50.2
M-A (A-M),HU,7,accuracy,"101,202,303,404,505",5,-0.056571428571428564,0.028515123091053966,-0.04571428571428571,0.03642857142857142,-0.09197763031793911,-0.021165226824918018,-1.5871277396428758,0.0625,"-0.0742857,-0.0457143,-0.0278571,-0.0971429,-0.0378571",29.06,37.2
M-A (A-M),HU,7,f1_macro,"101,202,303,404,505",5,-0.0769580502567506,0.02277121344623143,-0.07299997490973559,0.0196568565567678,-0.10523224618834962,-0.048683854325151564,-2.7036960656828564,0.0625,"-0.107711,-0.073,-0.0688453,-0.0885022,-0.0467319",29.06,37.2
M-A (A-M),HU,7,min_separation,"101,202,303,404,505",5,0.027594642941141424,0.05230829193454246,0.011483437977159006,0.07258085185612773,-0.03735467996151227,0.09254396584379512,0.42203087763863983,0.4375,"0.0114834,0.102321,-0.013392,0.0591888,-0.0216283",29.06,37.2
M-A (A-M),HU,7,min_separation_ratio,"101,202,303,404,505",5,0.023652551092406937,0.04483567880103639,0.00984294683756486,0.06221215873382377,-0.03201829710986766,0.07932339929468153,0.42203087763863995,0.4375,"0.00984295,0.0877039,-0.0114789,0.0507333,-0.0185385",29.06,37.2
M-A (A-M),HU,8,accuracy,"101,202,303,404,505",5,-0.027874999999999994,0.06245404560554904,-0.03437499999999999,0.10062499999999996,-0.10542193997058624,0.04967193997058625,-0.35706253748305844,0.4375,"-0.105625,0.0375,0.031875,-0.034375,-0.06875",44.8,48.6
M-A (A-M),HU,8,f1_macro,"101,202,303,404,505",5,-0.05199330890811924,0.05346493858128886,-0.03411082571470883,0.0809300958465537,-0.11837879831068104,0.014392180494442568,-0.7779798916864796,0.125,"-0.1162,0.00818075,-0.018453,-0.0341108,-0.0993831",44.8,48.6
M-A (A-M),HU,8,min_separation,"101,202,303,404,505",5,0.0029901956126237917,0.011069266325786637,-0.0012997404763407383,0.0071127619449321555,-0.010754113870634735,0.01673450509588232,0.21610795329102675,0.75,"0.0211265,-0.00129974,-0.00760201,0.00491949,-0.00219327",44.8,48.6
M-A (A-M),HU,8,min_separation_ratio,"101,202,303,404,505",5,0.0026164211610458176,0.009685608035063308,-0.001137272916798146,0.006223666701815636,-0.009409849636805395,0.01464269195889703,0.21610795329102667,0.75,"0.0184857,-0.00113727,-0.00665176,0.00430455,-0.00191911",44.8,48.6
M-A (A-M),HU,9,accuracy,"101,202,303,404,505",5,-0.005555555555555547,0.05740934883216611,0.012222222222222245,0.07388888888888889,-0.07683867716077752,0.06572756604966642,-0.07741673673111307,0.9375,"0.0688889,0.0177778,-0.0561111,0.0122222,-0.0705556",29.4,33.0
M-A (A-M),HU,9,f1_macro,"101,202,303,404,505",5,-0.026941663722373894,0.055854056477580634,-0.05096076610416661,0.0709399345835027,-0.09629363480422551,0.04241030735947773,-0.38588658258958236,0.375,"0.0448856,-0.0509608,-0.0543181,0.0166218,-0.0909369",29.4,33.0
M-A (A-M),HU,9,min_separation,"101,202,303,404,505",5,0.018081992618805342,0.03914226720790648,0.01173674763708843,0.04183850777287712,-0.0305195513813239,0.06668353661893459,0.36956454306055936,0.375,"0.0117367,0.0771024,-0.00881495,0.0330236,-0.0226378",29.4,33.0
M-A (A-M),HU,9,min_separation_ratio,"101,202,303,404,505",5,0.016072882327826974,0.03479312640702798,0.010432664566300827,0.03718978468700189,-0.027128490116732355,0.059274254772386306,0.36956454306055947,0.375,"0.0104327,0.0685355,-0.00783551,0.0293543,-0.0201225",29.4,33.0
M-A (A-M),HU,10,accuracy,"101,202,303,404,505",5,0.013799999999999996,0.03198554360957462,0.012999999999999984,0.00899999999999998,-0.025915297962985282,0.05351529796298528,0.34515592840183157,0.4375,"0.019,0.013,0.01,0.0585,-0.0315",22.6,27.8
M-A (A-M),HU,10,f1_macro,"101,202,303,404,505",5,0.0001983953852060072,0.05121862499217359,0.0036024769129107126,0.04455698370409422,-0.06339792730507549,0.0637947180754875,0.003098800645059454,1.0,"-0.00699449,0.0484889,0.00360248,0.0375625,-0.0816674",22.6,27.8
M-A (A-M),HU,10,min_separation,"101,202,303,404,505",5,0.03335923033389967,0.04484724395498046,0.02017066337843565,0.03465187743348497,-0.022325977903660955,0.0890444385714603,0.5950730059111247,0.125,"0.00206749,0.108852,0.0367194,0.0201707,-0.00101367",22.6,27.8
M-A (A-M),HU,10,min_separation_ratio,"101,202,303,404,505",5,0.0300233073005097,0.04036251955948241,0.018153597040592086,0.03118668969013647,-0.02009338011329486,0.08013999471431427,0.5950730059111247,0.125,"0.00186074,0.0979671,0.0330474,0.0181536,-0.000912303",22.6,27.8
M-A (A-M),PCA,3,accuracy,"101,202,303,404,505",5,0.24866666666666665,0.13963444337905237,0.315,0.18166666666666664,0.07528760541367538,0.4220457279196579,1.4246723696481383,0.0625,"0.388333,0.315,0.333333,0.151667,0.055",84.13,88.7
M-A (A-M),PCA,3,f1_macro,"101,202,303,404,505",5,0.22825255279133289,0.18370002902527469,0.31482203195877645,0.1994991006869714,0.00015884028166279762,0.456346265301003,0.9940229362072811,0.125,"0.399866,0.314822,0.33848,0.138981,-0.0508853",84.13,88.7
M-A (A-M),PCA,3,min_separation,"101,202,303,404,505",5,-0.15281061098218618,0.7862738940811379,0.013565092359330566,1.5380129188097489,-1.1290985979902146,0.8234773760258424,-0.15547824963540474,0.75,"0.594826,0.0135651,0.577686,-0.989804,-0.960327",84.13,88.7
M-A (A-M),PCA,3,min_separation_ratio,"101,202,303,404,505",5,-0.10187374065479075,0.5241825960540919,0.009043394906220378,1.0253419458731658,-0.7527323986601431,0.5489849173505617,-0.15547824963540471,0.75,"0.396551,0.00904339,0.385124,-0.659869,-0.640218",84.13,88.7
M-A (A-M),PCA,4,accuracy,"101,202,303,404,505",5,0.11074999999999999,0.11989774288951402,0.10749999999999998,0.015000000000000069,-0.03812271081180091,0.2596227108118009,0.7389630352061344,0.125,"0.1075,0.11875,0.10375,0.28125,-0.0575",63.45,70.1
M-A (A-M),PCA,4,f1_macro,"101,202,303,404,505",5,0.09700750188807304,0.15036358482183237,0.10862866834552976,0.1485369437955591,-0.08969354802605416,0.2837085518022002,0.5161223151364389,0.1875,"0.108629,0.157732,0.00919485,0.303215,-0.0937327",63.45,70.1
M-A (A-M),PCA,4,min_separation,"101,202,303,404,505",5,-0.3040352921478463,0.39090839262264654,-0.17377526077274252,0.5142265681700197,-0.7894121698630885,0.18134158556739582,-0.6222128721423263,0.1875,"-0.592034,0.140157,-0.173775,-0.0778078,-0.816716",63.45,70.1
M-A (A-M),PCA,4,min_separation_ratio,"101,202,303,404,505",5,-0.22802646911088473,0.29318129446698493,-0.1303314455795569,0.38566992612751483,-0.5920591273973164,0.13600618917554688,-0.6222128721423262,0.1875,"-0.444026,0.105117,-0.130331,-0.0583559,-0.612537",63.45,70.1
M-A (A-M),PCA,5,accuracy,"101,202,303,404,505",5,0.29399999999999993,0.061432890213630686,0.289,0.05999999999999994,0.21772099191613037,0.3702790080838695,3.8285680387509093,0.0625,"0.285,0.289,0.352,0.345,0.199",53.5,63.3
M-A (A-M),PCA,5,f1_macro,"101,202,303,404,505",5,0.3166995551340984,0.07336602124941281,0.3470656019703696,0.06453434882745068,0.2256036078572502,0.40779550241094664,3.4533649200624534,0.0625,"0.347066,0.303029,0.367563,0.371102,0.194738",53.5,63.3
M-A (A-M),PCA,5,min_separation,"101,202,303,404,505",5,-0.08843608193053087,0.17720309611435422,-0.10847847377989894,0.13466847753741373,-0.30846278674596583,0.1315906228849041,-0.39925298764965395,0.375,"-0.140952,-0.00628383,-0.108478,0.147234,-0.3337",53.5,63.3
M-A (A-M),PCA,5,min_separation_ratio,"101,202,303,404,505",5,-0.0707488655444247,0.14176247689148336,-0.08678277902391916,0.107734782029931,-0.24677022939677262,0.10527249830792323,-0.39925298764965395,0.375,"-0.112762,-0.00502707,-0.0867828,0.117788,-0.26696",53.5,63.3
M-A (A-M),PCA,6,accuracy,"101,202,303,404,505",5,0.21116666666666664,0.07316647684105974,0.185,0.12083333333333335,0.12031848649771329,0.30201484683561997,2.308889817126344,0.0625,"0.285,0.13,0.291667,0.164167,0.185",40.48,50.2
M-A (A-M),PCA,6,f1_macro,"101,202,303,404,505",5,0.22527079820135051,0.09816173927161148,0.1803037298665136,0.12991576910958375,0.10338690054672596,0.3471546958559751,1.835915295494355,0.0625,"0.30888,0.112149,0.346058,0.180304,0.178964",40.48,50.2
M-A (A-M),PCA,6,min_separation,"101,202,303,404,505",5,-0.20502749451998376,0.09762650819314815,-0.2523178216959753,0.14089796981452374,-0.3262468150137606,-0.0838081740262069,-1.680096918876576,0.0625,"-0.270889,-0.129991,-0.298204,-0.252318,-0.0737365",40.48,50.2
M-A (A-M),PCA,6,min_separation_ratio,"101,202,303,404,505",5,-0.1708562454333198,0.08135542349429013,-0.21026485141331275,0.11741497484543648,-0.2718723458448005,-0.06984014502183906,-1.680096918876576,0.0625,"-0.225741,-0.108326,-0.248503,-0.210265,-0.0614471",40.48,50.2
M-A (A-M),PCA,7,accuracy,"101,202,303,404,505",5,0.3245714285714286,0.13232477824948552,0.37642857142857145,0.14428571428571435,0.16026851534874595,0.48887434179411127,1.9622715132579673,0.0625,"0.245714,0.376429,0.137857,0.39,0.472857",29.06,37.2
M-A (A-M),PCA,7,f1_macro,"101,202,303,404,505",5,0.3149477215672151,0.15280060085788882,0.3616473535322533,0.14799437370019358,0.12522071657807135,0.5046747265563589,1.648934466482263,0.0625,"0.259842,0.361647,0.0777995,0.407836,0.467614",29.06,37.2
M-A (A-M),PCA,7,min_separation,"101,202,303,404,505",5,0.08904538058944389,0.062470369920078476,0.09580410883141388,0.06965764362898252,0.011478171305211088,0.1666125898736767,1.1403214766086922,0.125,"0.153983,0.134635,-0.00417399,0.0958041,0.0649778",29.06,37.2
M-A (A-M),PCA,7,min_separation_ratio,"101,202,303,404,505",5,0.07632461193380904,0.053546031360067255,0.08211780756978332,0.059706551681985014,0.009838432547323805,0.14281079132029428,1.1403214766086924,0.125,"0.131986,0.115402,-0.0035777,0.0821178,0.0556953",29.06,37.2
M-A (A-M),PCA,8,accuracy,"101,202,303,404,505",5,0.312625,0.1266657757644108,0.33875000000000005,0.17374999999999996,0.15534866642878023,0.46990133357121977,1.9744875716481456,0.0625,"0.439375,0.23875,0.33875,0.4125,0.13375",44.8,48.6
M-A (A-M),PCA,8,f1_macro,"101,202,303,404,505",5,0.3040384987085003,0.13556804215946883,0.3271128711575205,0.19135946327814862,0.1357085414521178,0.4723684559648828,1.7941602983444107,0.0625,"0.439082,0.224091,0.327113,0.41545,0.114456",44.8,48.6
M-A (A-M),PCA,8,min_separation,"101,202,303,404,505",5,0.049990181396606714,0.08129407009637481,0.05827334125531913,0.10333842415442496,-0.05094973870951508,0.1509301015027285,0.4919441857182738,0.25,"0.0582733,-0.0631148,0.108997,0.140137,0.00565848",44.8,48.6
M-A (A-M),PCA,8,min_separation_ratio,"101,202,303,404,505",5,0.043741408722030875,0.07113231133432796,0.05098917359840424,0.09042112113512184,-0.0445810213708257,0.13206383881488745,0.49194418571827375,0.25,"0.0509892,-0.0552255,0.0953723,0.12262,0.00495117",44.8,48.6
M-A (A-M),PCA,9,accuracy,"101,202,303,404,505",5,0.1382222222222222,0.09382838287052997,0.11055555555555557,0.06444444444444444,0.021718897202206378,0.254725547242238,1.1785109621931735,0.0625,"0.0927778,0.288889,0.110556,0.157222,0.0416667",29.4,33.0
M-A (A-M),PCA,9,f1_macro,"101,202,303,404,505",5,0.13279566645096966,0.10162644601735124,0.09863537805209555,0.08786530421793395,0.0066097671658263135,0.258981565736113,1.045363065659478,0.0625,"0.0768457,0.292856,0.0986354,0.164711,0.0309303",29.4,33.0
M-A (A-M),PCA,9,min_separation,"101,202,303,404,505",5,0.012153069826003327,0.03745617783995207,-0.00036748477731674,0.03730245764772078,-0.03435491770818279,0.058661057360189436,0.259568819390652,0.625,"-0.0303383,-0.000367485,0.0311366,0.0665003,-0.00616583",29.4,33.0
M-A (A-M),PCA,9,min_separation_ratio,"101,202,303,404,505",5,0.010802728734225178,0.03329438030217962,-0.00032665313539265856,0.03315774013130736,-0.030537704629495815,0.05214316209794617,0.25956881939065196,0.625,"-0.0269674,-0.000326653,0.027677,0.0591114,-0.00548074",29.4,33.0
M-A (A-M),PCA,10,accuracy,"101,202,303,404,505",5,0.12610000000000002,0.06849854013042907,0.13499999999999998,0.09150000000000003,0.04104782879053047,0.21115217120946955,1.4727321167416554,0.0625,"0.135,0.1725,0.036,0.206,0.081",22.6,27.8
M-A (A-M),PCA,10,f1_macro,"101,202,303,404,505",5,0.13097264275126372,0.06640891134085344,0.11234859955810853,0.10786462337454439,0.04851508837942034,0.2134301971231071,1.577771899666025,0.0625,"0.112349,0.211384,0.0604586,0.189268,0.0814036",22.6,27.8
M-A (A-M),PCA,10,min_separation,"101,202,303,404,505",5,0.0027082467542889122,0.05533579345331444,-0.002565903809197412,0.040934066773406386,-0.06600021578873118,0.07141670929730899,0.03915363399024971,0.9375,"0.00194885,0.0949184,-0.0417749,-0.0025659,-0.0389852",22.6,27.8
M-A (A-M),PCA,10,min_separation_ratio,"101,202,303,404,505",5,0.0024374220788600186,0.049802214107982995,-0.0023093134282776706,0.03684066009606575,-0.05940019420985805,0.06427503836757809,0.039153633990249674,0.9375,"0.00175397,0.0854266,-0.0375974,-0.00230931,-0.0350867",22.6,27.8
M-A (A-M),ZERNIKE,3,accuracy,"101,202,303,404,505",5,0.22033333333333333,0.04767365916077531,0.235,0.06333333333333324,0.16113866709076155,0.27952799957590513,3.697359711202837,0.0625,"0.16,0.276667,0.183333,0.246667,0.235",84.13,88.7
M-A (A-M),ZERNIKE,3,f1_macro,"101,202,303,404,505",5,0.21791175568594112,0.04889730613851135,0.2157107986003609,0.05108956603247827,0.15719773104460366,0.2786257803272786,3.5652149027377944,0.0625,"0.150516,0.278501,0.196871,0.24796,0.215711",84.13,88.7
M-A (A-M),ZERNIKE,3,min_separation,"101,202,303,404,505",5,-0.13512153306076163,0.24900371321120546,-0.033352334014434604,0.09130050774737042,-0.4443004791741704,0.17405741305264716,-0.434118933627793,0.3125,"-0.0333523,-0.0177907,-0.568465,-0.109091,0.0530912",84.13,88.7
M-A (A-M),ZERNIKE,3,min_separation_ratio,"101,202,303,404,505",5,-0.09008102204050777,0.166002475474137,-0.022234889342956404,0.06086700516491361,-0.296200319449447,0.11603827536843145,-0.4341189336277931,0.3125,"-0.0222349,-0.0118604,-0.378976,-0.0727274,0.0353941",84.13,88.7
M-A (A-M),ZERNIKE,4,accuracy,"101,202,303,404,505",5,0.10549999999999997,0.0712423241479389,0.125,0.12874999999999998,0.017040970957141577,0.19395902904285836,1.1846890315472918,0.0625,"0.125,0.16,0.18125,0.03125,0.03",63.45,70.1
M-A (A-M),ZERNIKE,4,f1_macro,"101,202,303,404,505",5,0.09562797044519623,0.1214786883523142,0.11255862466746008,0.18101168257426792,-0.05520774343088726,0.24646368432127974,0.6297596507980372,0.1875,"0.185264,0.112559,0.233363,0.00425245,-0.0572986",63.45,70.1
M-A (A-M),ZERNIKE,4,min_separation,"101,202,303,404,505",5,0.001238979112839922,0.07553455168617895,-0.0023412706251050297,0.08821480369286161,-0.09254955433634991,0.09502751256202975,0.013122250256941697,1.0,"0.0263615,-0.0618533,0.115111,-0.0710829,-0.00234127",63.45,70.1
M-A (A-M),ZERNIKE,4,min_separation_ratio,"101,202,303,404,505",5,0.0009292343346299414,0.05665091376463421,-0.0017559529688287723,0.06616110276964621,-0.06941216575226243,0.0712706344215223,0.013122250256941697,1.0,"0.0197711,-0.04639,0.0863332,-0.0533122,-0.00175595",63.45,70.1
M-A (A-M),ZERNIKE,5,accuracy,"101,202,303,404,505",5,0.11239999999999999,0.14785398202280522,0.09799999999999998,0.06800000000000006,-0.07118496646878379,0.29598496646878375,0.6081675905497804,0.1875,"0.098,0.15,-0.09,0.322,0.082",53.5,63.3
M-A (A-M),ZERNIKE,5,f1_macro,"101,202,303,404,505",5,0.07689937440541615,0.16330895483630076,0.0670529097548287,0.10645681803154933,-0.125875475399103,0.2796742242099353,0.37670622279102484,0.375,"0.0670529,0.135815,-0.14842,0.30069,0.0293582",53.5,63.3
M-A (A-M),ZERNIKE,5,min_separation,"101,202,303,404,505",5,-0.06491941706590383,0.1275748907124225,-0.02686872188385203,0.05384898507651703,-0.22332456593829864,0.09348573180649096,-0.40709839814635157,0.375,"-0.284856,0.038944,-0.0268687,-0.0528325,0.00101652",53.5,63.3
M-A (A-M),ZERNIKE,5,min_separation_ratio,"101,202,303,404,505",5,-0.05193553365272306,0.10205991256993797,-0.021494977507081625,0.04307918806121362,-0.17865965275063883,0.07478858544519272,-0.4070983981463517,0.375,"-0.227885,0.0311552,-0.021495,-0.042266,0.000813217",53.5,63.3
M-A (A-M),ZERNIKE,6,accuracy,"101,202,303,404,505",5,0.18233333333333332,0.049421655172606264,0.14916666666666667,0.07,0.12096824337386729,0.24369842329279934,2.9514727128669405,0.0625,"0.149167,0.219167,0.149167,0.143333,0.250833",40.48,50.2
M-A (A-M),ZERNIKE,6,f1_macro,"101,202,303,404,505",5,0.17926071668482177,0.0473431516248865,0.15777806551291473,0.06856138187861477,0.12047642975069817,0.23804500361894537,3.029130263319288,0.0625,"0.130074,0.239962,0.157778,0.149964,0.218526",40.48,50.2
M-A (A-M),ZERNIKE,6,min_separation,"101,202,303,404,505",5,-0.01480170701682626,0.021428781661790415,-0.006658459698270169,0.016831338474061375,-0.041409053731640444,0.011805639697987928,-0.5525916405492761,0.1875,"-0.0507726,-0.0175187,-0.000687355,0.00162859,-0.00665846",40.48,50.2
M-A (A-M),ZERNIKE,6,min_separation_ratio,"101,202,303,404,505",5,-0.012334755847355217,0.017857318051492013,-0.005548716415225142,0.014026115395051149,-0.03450754477636704,0.009838033081656605,-0.5525916405492761,0.1875,"-0.0423105,-0.0145989,-0.000572796,0.00135716,-0.00554872",40.48,50.2
M-A (A-M),ZERNIKE,7,accuracy,"101,202,303,404,505",5,0.1392857142857143,0.04304423448557284,0.15071428571428575,0.08071428571428568,0.08583923799473758,0.192732190576691,2.5886991082608057,0.0625,"0.095,0.182143,0.150714,0.0928571,0.175714",29.06,37.2
M-A (A-M),ZERNIKE,7,f1_macro,"101,202,303,404,505",5,0.13559480484797384,0.036948473373106513,0.14013901649961347,0.05227165101406253,0.08971721567199709,0.1814723940239506,2.9358680880529913,0.0625,"0.101046,0.18565,0.140139,0.0978207,0.153318",29.06,37.2
M-A (A-M),ZERNIKE,7,min_separation,"101,202,303,404,505",5,0.008915722878555776,0.008622816256295818,0.011197885091659532,0.014915125634602844,-0.0017909176300129025,0.019622363387124454,0.8271750308533917,0.1875,"0.0173354,-0.00157524,0.00135274,0.0111979,0.0162679",29.06,37.2
M-A (A-M),ZERNIKE,7,min_separation_ratio,"101,202,303,404,505",5,0.007642048181619235,0.007390985362539271,0.009598187221422454,0.012784393401088152,-0.001535072254296774,0.016819168617535244,0.8271750308533917,0.1875,"0.0148589,-0.00135021,0.00115949,0.00959819,0.0139439",29.06,37.2
M-A (A-M),ZERNIKE,8,accuracy,"101,202,303,404,505",5,0.09912499999999999,0.09350238131994287,0.15125,0.13499999999999998,-0.01697354063129322,0.2152235406312932,0.8481067421016186,0.1875,"-0.021875,0.15125,0.19,0.020625,0.155625",44.8,48.6
M-A (A-M),ZERNIKE,8,f1_macro,"101,202,303,404,505",5,0.09011364036431187,0.10216976982328693,0.12500144830055038,0.14555534251655491,-0.03674688453002885,0.2169741652586526,0.705599243456632,0.1875,"-0.0329736,0.147197,0.209701,0.00164178,0.125001",44.8,48.6
M-A (A-M),ZERNIKE,8,min_separation,"101,202,303,404,505",5,-0.009206806105198306,0.027099938326529422,-0.004872545837460773,0.004611353705867294,-0.04285582387879225,0.024442211668395636,-0.27178825263038553,0.5625,"-0.0530983,-0.0070841,0.0214937,-0.00487255,-0.00247275",44.8,48.6
M-A (A-M),ZERNIKE,8,min_separation_ratio,"101,202,303,404,505",5,-0.008055955342048518,0.023712446035713243,-0.004263477607778177,0.004034934492633882,-0.037498845893943214,0.02138693520984618,-0.27178825263038553,0.5625,"-0.046461,-0.00619859,0.018807,-0.00426348,-0.00216365",44.8,48.6
M-A (A-M),ZERNIKE,9,accuracy,"101,202,303,404,505",5,0.12544444444444441,0.10319091140953675,0.13888888888888887,0.03944444444444445,-0.002683995194611405,0.2535728840835002,0.9725232017505063,0.125,"0.250556,0.138889,-0.035,0.156111,0.116667",29.4,33.0
M-A (A-M),ZERNIKE,9,f1_macro,"101,202,303,404,505",5,0.11957720301805505,0.10109378917365486,0.1464306738979808,0.06410458945515318,-0.005947315440873652,0.24510172147698375,0.9462674531876544,0.125,"0.228462,0.146431,-0.0414457,0.164272,0.100167",29.4,33.0
M-A (A-M),ZERNIKE,9,min_separation,"101,202,303,404,505",5,0.0049221183920243,0.05330027607773685,-0.0029053382168260367,0.04612686934860122,-0.06125891550802289,0.0711031522920715,0.07387756693560893,0.875,"0.0922108,0.0107591,-0.00290534,-0.0400862,-0.0353678",29.4,33.0
M-A (A-M),ZERNIKE,9,min_separation_ratio,"101,202,303,404,505",5,0.004375216348466044,0.04737802318021054,-0.0025825228594009214,0.041001661643201084,-0.05445236934046479,0.06320280203739688,0.07387756693560892,0.875,"0.0819652,0.00956364,-0.00258252,-0.0356322,-0.031438",29.4,33.0
M-A (A-M),ZERNIKE,10,accuracy,"101,202,303,404,505",5,0.12810000000000002,0.027886824846152708,0.11850000000000002,0.0335,0.09347393356431799,0.16272606643568205,3.674853647389629,0.0625,"0.103,0.141,0.1075,0.1705,0.1185",22.6,27.8
M-A (A-M),ZERNIKE,10,f1_macro,"101,202,303,404,505",5,0.11838509821900163,0.03699543808073985,0.11350530491499616,0.05984986518356064,0.0724491946563704,0.16432100178163286,2.5599934340149675,0.0625,"0.094404,0.154254,0.113505,0.157099,0.0726637",22.6,27.8
M-A (A-M),ZERNIKE,10,min_separation,"101,202,303,404,505",5,-0.009329908357319349,0.02199764958228058,-0.008830305409294747,0.011633645056626452,-0.036643597888739214,0.017983781174100516,-0.33930564526620055,0.375,"-0.036561,-0.00883031,-0.0184014,0.0239108,-0.00676771",22.6,27.8
M-A (A-M),ZERNIKE,10,min_separation_ratio,"101,202,303,404,505",5,-0.008396917521587412,0.019797884624052516,-0.007947274868365273,0.010470280550963808,-0.03297923809986529,0.016185403056690462,-0.3393056452662006,0.375,"-0.0329049,-0.00794727,-0.0165612,0.0215198,-0.00609094",22.6,27.8
M-D (D-M),HU,3,accuracy,"101,202,303,404,505",5,-0.035666666666666694,0.06823773801122728,-0.011666666666666714,0.10833333333333339,-0.12039500927406811,0.049061675940734725,-0.41814594335818567,0.4375,"-0.121667,0.0333333,-0.0116667,0.015,-0.0933333",84.13,88.7
M-D (D-M),HU,3,f1_macro,"101,202,303,404,505",5,-0.05905464338805668,0.06425574120559642,-0.03041544395979323,0.08083527152638093,-0.1388386839209439,0.020729397144830526,-0.7352450352923577,0.125,"-0.141711,-0.0283894,-0.0304154,0.0144674,-0.109225",84.13,88.7
M-D (D-M),HU,3,min_separation,"101,202,303,404,505",5,-0.3850552590628483,0.5040382762925097,-0.1374504389180803,0.7096216728757616,-1.0109014404519394,0.24079092232624288,-0.611152409924342,0.25,"-1.01247,-0.13745,0.158999,-0.112368,-0.82199",84.13,88.7
M-D (D-M),HU,3,min_separation_ratio,"101,202,303,404,505",5,-0.25670350604189884,0.3360255175283398,-0.09163362594538686,0.4730811152505077,-0.6739342936346263,0.16052728155082863,-0.6111524099243419,0.25,"-0.674978,-0.0916336,0.105999,-0.0749123,-0.547993",84.13,88.7
M-D (D-M),HU,4,accuracy,"101,202,303,404,505",5,0.04424999999999998,0.07194616042569607,0.025000000000000022,0.04125000000000001,-0.04508295720957923,0.1335829572095792,0.4920345962945456,0.25,"-0.0325,0.055,0.01375,0.025,0.16",63.45,70.1
M-D (D-M),HU,4,f1_macro,"101,202,303,404,505",5,0.023332452332773958,0.0647042546225776,0.027851492289132196,0.03322895124683195,-0.05700849116269014,0.10367339582823806,0.2884812130994853,0.625,"-0.0617667,0.0332217,-7.20435e-06,0.0278515,0.117363",63.45,70.1
M-D (D-M),HU,4,min_separation,"101,202,303,404,505",5,0.11004405064943881,0.1301788542303468,0.08708879186981422,0.1654259967148739,-0.051594345975798594,0.2716824472746762,0.6762637529730893,0.1875,"0.0870888,0.186748,0.290154,-0.0350921,0.0213218",63.45,70.1
M-D (D-M),HU,4,min_separation_ratio,"101,202,303,404,505",5,0.08253303798707912,0.09763414067276012,0.06531659390236066,0.12406949753615543,-0.03869575948184896,0.20376183545600718,0.6762637529730893,0.1875,"0.0653166,0.140061,0.217616,-0.0263191,0.0159913",63.45,70.1
M-D (D-M),HU,5,accuracy,"101,202,303,404,505",5,-0.034199999999999994,0.11778242653299346,-0.028000000000000025,0.08300000000000007,-0.18044619864709777,0.11204619864709776,-0.23229271806805452,0.75,"-0.032,-0.229,-0.028,0.051,0.067",53.5,63.3
M-D (D-M),HU,5,f1_macro,"101,202,303,404,505",5,-0.060246998199028824,0.14608244518477895,-0.011638142524499684,0.1184238429701665,-0.24163231115454367,0.12113831475648604,-0.32993422651337856,0.5625,"-0.0116381,-0.303985,-0.0798638,0.03856,0.0556916",53.5,63.3
M-D (D-M),HU,5,min_separation,"101,202,303,404,505",5,-0.05231635091542399,0.12923200817708536,-0.02967787176373582,0.18564400228262112,-0.21277908288448533,0.10814638105363733,-0.3238600198411243,0.4375,"0.0871624,-0.140236,-0.224238,0.0454076,-0.0296779",53.5,63.3
M-D (D-M),HU,5,min_separation_ratio,"101,202,303,404,505",5,-0.0418530807323392,0.10338560654166828,-0.023742297410988655,0.1485152018260969,-0.17022326630758827,0.08651710484290986,-0.32386001984112434,0.4375,"0.0697299,-0.112189,-0.17939,0.0363261,-0.0237423",53.5,63.3
M-D (D-M),HU,6,accuracy,"101,202,303,404,505",5,0.004166666666666663,0.0988457693131634,0.020000000000000018,0.16666666666666669,-0.11856656646424274,0.12689989979757607,0.03372256957981334,0.875,"-0.116667,0.0891667,-0.0775,0.02,0.105833",40.48,50.2
M-D (D-M),HU,6,f1_macro,"101,202,303,404,505",5,-0.01961737819920902,0.08472088853217634,0.002769865200537014,0.09630754323485957,-0.12481225538544652,0.08557749898702849,-0.18524242168927196,0.75,"-0.147459,0.0639855,-0.0568453,0.00276987,0.0394623",40.48,50.2
M-D (D-M),HU,6,min_separation,"101,202,303,404,505",5,0.13972150873225336,0.24827843400503855,0.01706910680302065,0.1128406275845294,-0.16855688430221216,0.4479999017667189,0.45020908655938396,0.25,"0.112809,0.0170691,-0.00666688,0.575428,-3.1741e-05",40.48,50.2
M-D (D-M),HU,6,min_separation_ratio,"101,202,303,404,505",5,0.11643459061021115,0.20689869500419883,0.014224255669183875,0.09403385632044117,-0.1404640702518435,0.3733332514722658,0.4502090865593839,0.25,"0.0940074,0.0142243,-0.00555573,0.479523,-2.64508e-05",40.48,50.2
M-D (D-M),HU,7,accuracy,"101,202,303,404,505",5,0.040999999999999995,0.07868595549293876,0.037142857142857144,0.14142857142857151,-0.05670151809984578,0.13870151809984577,0.4168469429457898,0.375,"0.0371429,-0.0221429,-0.05,0.120714,0.119286",29.06,37.2
M-D (D-M),HU,7,f1_macro,"101,202,303,404,505",5,0.019678391431060992,0.07699775595460577,0.018842521556655834,0.12164337235410061,-0.07592695008025248,0.11528373294237447,0.2044567786381976,0.625,"0.0188425,-0.0352219,-0.0757825,0.104132,0.0864215",29.06,37.2
M-D (D-M),HU,7,min_separation,"101,202,303,404,505",5,0.02813580355042671,0.03577152526449158,0.013704531382131346,0.018759757628144857,-0.01628041153132886,0.07255201863218227,0.6292335223034076,0.0625,"0.0256154,0.0137045,0.00685563,0.00412338,0.0903801",29.06,37.2
M-D (D-M),HU,7,min_separation_ratio,"101,202,303,404,505",5,0.02411640304322289,0.030661307369564204,0.011746741184684016,0.016079792252695593,-0.013954638455424734,0.062187444541870515,0.6292335223034076,0.0625,"0.021956,0.0117467,0.00587625,0.00353433,0.0774687",29.06,37.2
M-D (D-M),HU,8,accuracy,"101,202,303,404,505",5,-0.0066250000000000085,0.10700065712415043,-0.03750000000000003,0.13374999999999998,-0.13948386373520272,0.12623386373520268,-0.049532406084670466,1.0,"-0.09,0.154375,-0.0375,0.04375,-0.10375",44.8,48.6
M-D (D-M),HU,8,f1_macro,"101,202,303,404,505",5,-0.021677794144455635,0.10863112446153225,-0.023531057529705024,0.1259661529027631,-0.1565611504727325,0.11320556218382122,-0.15964333796163208,0.6875,"-0.102871,0.135064,-0.0235311,0.0230948,-0.140145",44.8,48.6
M-D (D-M),HU,8,min_separation,"101,202,303,404,505",5,0.04997018022884405,0.04124522718477556,0.030567589038934417,0.0480945018577712,-0.0012425334642269456,0.10118289392191504,0.9692307913345969,0.0625,"0.0290427,0.107373,0.0305676,0.0771372,0.00573058",44.8,48.6
M-D (D-M),HU,8,min_separation_ratio,"101,202,303,404,505",5,0.04372390770023855,0.03608957378667861,0.026746640409067615,0.0420826891255498,-0.00108721678119858,0.08853503218167567,0.969230791334597,0.0625,"0.0254124,0.0939512,0.0267466,0.067495,0.00501426",44.8,48.6
M-D (D-M),HU,9,accuracy,"101,202,303,404,505",5,0.049111111111111105,0.057205499174489055,0.022222222222222227,0.06,-0.021918897713127106,0.12014111993534932,0.6868026580635078,0.125,"0.0222222,0.138889,0.0122222,0.0722222,0",29.4,33.0
M-D (D-M),HU,9,f1_macro,"101,202,303,404,505",5,0.03916464124122189,0.06662666858924776,0.01349364637556033,0.0885655403164573,-0.043563294466300626,0.1218925769487444,0.47025783603465104,0.3125,"0.000375682,0.127152,0.0134936,0.0889412,-0.0341391",29.4,33.0
M-D (D-M),HU,9,min_separation,"101,202,303,404,505",5,0.02486893253820157,0.029363588130228768,0.031372576808762265,0.03164173642976165,-0.011590777701186876,0.061328642777590016,0.6775447858185939,0.1875,"0.0313726,0.0161946,0.0504399,0.0478363,-0.0214988",29.4,33.0
M-D (D-M),HU,9,min_separation_ratio,"101,202,303,404,505",5,0.02210571781173473,0.026100967226870015,0.027886734941122013,0.028125987937565905,-0.010302913512166108,0.05451434913563556,0.6775447858185939,0.1875,"0.0278867,0.0143952,0.0448355,0.0425212,-0.01911",29.4,33.0
M-D (D-M),HU,10,accuracy,"101,202,303,404,505",5,-0.010700000000000005,0.018491890114317677,-0.013000000000000012,0.012999999999999984,-0.03366071421368835,0.012260714213688344,-0.4629056276606505,0.25,"0.0145,-0.013,-0.036,-0.003,-0.016",22.6,27.8
M-D (D-M),HU,10,f1_macro,"101,202,303,404,505",5,-0.015181151060197634,0.018320138293085174,-0.013957008065819898,0.024603658510045312,-0.03792860722083565,0.007566305100440386,-0.6629273564349749,0.1875,"-0.0292082,0.0086246,-0.0367607,-0.00460452,-0.013957",22.6,27.8
M-D (D-M),HU,10,min_separation,"101,202,303,404,505",5,0.0277186604986688,0.039871241251900176,0.004169774456013409,0.04742733327525561,-0.021788024327512423,0.07722534532485002,0.5561634828180383,0.1875,"0.00416977,0.0483861,0.0884837,-0.00340504,0.000958754",22.6,27.8
M-D (D-M),HU,10,min_separation_ratio,"101,202,303,404,505",5,0.02494679444880192,0.035884117126710156,0.003752797010412068,0.042684599947730044,-0.019609221894761178,0.06950281079236502,0.5561634828180383,0.1875,"0.0037528,0.0435475,0.0796354,-0.00306454,0.000862878",22.6,27.8
M-D (D-M),PCA,3,accuracy,"101,202,303,404,505",5,0.33899999999999997,0.1566028238712331,0.33999999999999997,0.03333333333333344,0.1445519115820448,0.5334480884179551,1.7317695383513303,0.0625,"0.356667,0.558333,0.323333,0.116667,0.34",84.13,88.7
M-D (D-M),PCA,3,f1_macro,"101,202,303,404,505",5,0.340925912676299,0.15983845090684035,0.34425345176719035,0.039221766018029736,0.14246026265661557,0.5393915626959824,1.7063524364359763,0.0625,"0.367965,0.556709,0.328743,0.106959,0.344253",84.13,88.7
M-D (D-M),PCA,3,min_separation,"101,202,303,404,505",5,0.2839445288117904,0.843536332674884,0.56676345663898,0.9204858434769595,-0.7634441666474467,1.3313332242710274,0.26928967283378735,0.5,"0.566763,1.1273,0.817604,-0.989064,-0.102881",84.13,88.7
M-D (D-M),PCA,3,min_separation_ratio,"101,202,303,404,505",5,0.1892963525411936,0.5623575551165894,0.37784230442598665,0.6136572289846396,-0.5089627777649643,0.8875554828473515,0.26928967283378735,0.5,"0.377842,0.751534,0.54507,-0.659376,-0.0685876",84.13,88.7
M-D (D-M),PCA,4,accuracy,"101,202,303,404,505",5,0.34575,0.057231711052527515,0.31125,0.08125000000000004,0.27468744483047614,0.41681255516952387,4.832984981807294,0.0625,"0.31125,0.42125,0.3925,0.2925,0.31125",63.45,70.1
M-D (D-M),PCA,4,f1_macro,"101,202,303,404,505",5,0.37151503351786086,0.06316220476634007,0.34364657084967043,0.0748434520641112,0.2930887978123222,0.4499412692233995,4.70553597541099,0.0625,"0.317725,0.468326,0.401361,0.326517,0.343647",63.45,70.1
M-D (D-M),PCA,4,min_separation,"101,202,303,404,505",5,0.1741273257623186,0.3598520811310194,0.14306736074696214,0.4484615028560205,-0.2726880480567683,0.6209426995814055,0.3871086702403595,0.375,"0.143067,0.43827,0.603659,-0.0101915,-0.304169",63.45,70.1
M-D (D-M),PCA,4,min_separation_ratio,"101,202,303,404,505",5,0.13059549432173892,0.2698890608482646,0.10730052056022155,0.3363461271420154,-0.20451603604257626,0.46570702468605407,0.3871086702403594,0.375,"0.107301,0.328703,0.452744,-0.00764362,-0.228126",63.45,70.1
M-D (D-M),PCA,5,accuracy,"101,202,303,404,505",5,0.3954000000000001,0.085301230940708,0.37600000000000006,0.07700000000000007,0.28948453253845796,0.5013154674615422,3.7082700508726636,0.0625,"0.433,0.376,0.519,0.293,0.356",53.5,63.3
M-D (D-M),PCA,5,f1_macro,"101,202,303,404,505",5,0.40604085121993316,0.11000295130734966,0.3939771104560015,0.2040027580782961,0.2694541468854354,0.5426275555544309,2.952945144793069,0.0625,"0.503894,0.393977,0.532854,0.299891,0.299587",53.5,63.3
M-D (D-M),PCA,5,min_separation,"101,202,303,404,505",5,0.2149451221110968,0.3036109127478482,0.27988490900187146,0.22593421498710586,-0.1620376177096906,0.5919278619318842,0.5663699507128344,0.25,"0.279885,0.484065,0.412073,0.186139,-0.287436",53.5,63.3
M-D (D-M),PCA,5,min_separation_ratio,"101,202,303,404,505",5,0.17195609768887743,0.24288873019827853,0.2239079272014972,0.1807473719896847,-0.12963009416775245,0.4735422895455073,0.5663699507128344,0.25,"0.223908,0.387252,0.329659,0.148911,-0.229949",53.5,63.3
M-D (D-M),PCA,6,accuracy,"101,202,303,404,505",5,0.2845,0.059557395286675634,0.285,0.011666666666666659,0.2105497264457443,0.3584502735542556,3.8215237403258193,0.0625,"0.285,0.363333,0.195833,0.295,0.283333",40.48,50.2
M-D (D-M),PCA,6,f1_macro,"101,202,303,404,505",5,0.3079436796628645,0.05243324209990825,0.30578217875315633,0.022597672310495476,0.2428392106383065,0.37304814868742253,4.6984495687082966,0.0625,"0.305782,0.390423,0.246686,0.309712,0.287115",40.48,50.2
M-D (D-M),PCA,6,min_separation,"101,202,303,404,505",5,-0.050109750733025836,0.1366966857963756,-0.11340269796395219,0.1379264744494214,-0.21984110416015726,0.11962160269410557,-0.29326095473986663,0.5,"-0.181186,0.0112418,-0.113403,-0.126685,0.159483",40.48,50.2
M-D (D-M),PCA,6,min_separation_ratio,"101,202,303,404,505",5,-0.04175812561085488,0.11391390483031298,-0.09450224830329348,0.11493872870785118,-0.18320092013346437,0.09968466891175462,-0.29326095473986674,0.5,"-0.150988,0.00936813,-0.0945022,-0.105571,0.132903",40.48,50.2
M-D (D-M),PCA,7,accuracy,"101,202,303,404,505",5,0.30014285714285716,0.11224222167495891,0.3014285714285714,0.11071428571428577,0.1607757314106545,0.4395099828750598,2.1392510067167967,0.0625,"0.232857,0.163571,0.301429,0.343571,0.459286",29.06,37.2
M-D (D-M),PCA,7,f1_macro,"101,202,303,404,505",5,0.30103614405284523,0.12498787277706083,0.32820572448505836,0.11948054280356857,0.14584320221349648,0.456229085892194,1.9268182575747925,0.0625,"0.232411,0.131397,0.328206,0.351892,0.461275",29.06,37.2
M-D (D-M),PCA,7,min_separation,"101,202,303,404,505",5,-0.02912063424219511,0.16087793855822793,0.0013527131768208411,0.0217925300282652,-0.2288769786551839,0.17063571017079368,-0.14480858968319132,0.875,"0.0167575,-0.00503503,0.00135271,-0.297134,0.138456",29.06,37.2
M-D (D-M),PCA,7,min_separation_ratio,"101,202,303,404,505",5,-0.02496054363616723,0.1378953759070525,0.0011594684372750073,0.018679311452798737,-0.19618026741872904,0.14625918014639458,-0.14480858968319127,0.875,"0.0143636,-0.00431574,0.00115947,-0.254687,0.118677",29.06,37.2
M-D (D-M),PCA,8,accuracy,"101,202,303,404,505",5,0.3545,0.16989909689283225,0.416875,0.008749999999999925,0.1435424080608372,0.5654575919391628,1.6692260593879862,0.0625,"0.4675,0.416875,0.053125,0.421875,0.413125",44.8,48.6
M-D (D-M),PCA,8,f1_macro,"101,202,303,404,505",5,0.34249054967673126,0.18188847984932394,0.4132181186740311,0.0321006542971472,0.11664617255981491,0.5683349267936476,1.5063759946114226,0.0625,"0.465556,0.413218,0.0207905,0.422495,0.390394",44.8,48.6
M-D (D-M),PCA,8,min_separation,"101,202,303,404,505",5,0.12577759098965607,0.1458375233874025,0.15515460731647912,0.25098201738948156,-0.055303611387681056,0.3068587933669932,0.6899601039194323,0.25,"0.155155,-0.00250894,-0.0480055,0.275775,0.248473",44.8,48.6
M-D (D-M),PCA,8,min_separation_ratio,"101,202,303,404,505",5,0.11005539211594909,0.12760783296397718,0.13576028140191923,0.21960926521579638,-0.0483906599642209,0.2685014441961191,0.6899601039194325,0.25,"0.13576,-0.00219532,-0.0420048,0.241303,0.217414",44.8,48.6
M-D (D-M),PCA,9,accuracy,"101,202,303,404,505",5,0.3122222222222222,0.0676991802930115,0.32833333333333325,0.0788888888888889,0.22816258734448402,0.39628185709996033,3.6895244033488246,0.0625,"0.328333,0.286667,0.207778,0.372778,0.365556",29.4,33.0
M-D (D-M),PCA,9,f1_macro,"101,202,303,404,505",5,0.3260059001693653,0.07046279474477313,0.333374654697392,0.10604609665806886,0.23851478472195914,0.4134970156167715,3.7013110405309115,0.0625,"0.333375,0.280966,0.231323,0.397354,0.387012",29.4,33.0
M-D (D-M),PCA,9,min_separation,"101,202,303,404,505",5,0.15816033753089914,0.1720758369024351,0.2513756480993464,0.26122821844335986,-0.05550003411163723,0.3718207091734355,0.7353052718055894,0.25,"0.251376,-0.00680663,-0.0451057,0.336917,0.254422",29.4,33.0
M-D (D-M),PCA,9,min_separation_ratio,"101,202,303,404,505",5,0.14058696669413256,0.1529562994688312,0.2234450205327524,0.23220286083854208,-0.04933336365478869,0.3305072970430538,0.7353052718055894,0.25,"0.223445,-0.00605033,-0.040094,0.299482,0.226153",29.4,33.0
M-D (D-M),PCA,10,accuracy,"101,202,303,404,505",5,0.2294,0.06361249877186087,0.25150000000000006,0.09200000000000003,0.1504146504391992,0.30838534956080077,2.884967632825964,0.0625,"0.3095,0.2515,0.1655,0.2575,0.163",22.6,27.8
M-D (D-M),PCA,10,f1_macro,"101,202,303,404,505",5,0.23872092068167983,0.05755545424420297,0.26195080589615427,0.09048988361197369,0.16725638524638897,0.3101854561169707,3.3181344679349687,0.0625,"0.30426,0.271183,0.180693,0.261951,0.175518",22.6,27.8
M-D (D-M),PCA,10,min_separation,"101,202,303,404,505",5,0.03231945504296443,0.09700778520320691,-0.004349108363090881,0.13339423759319025,-0.08813161938934141,0.15277052947527028,0.26653081482285823,0.625,"0.0880021,-0.00434911,-0.0453921,0.17444,-0.051104",22.6,27.8
M-D (D-M),PCA,10,min_separation_ratio,"101,202,303,404,505",5,0.029087509538667983,0.0873070066828862,-0.003914197526781793,0.1200548138338712,-0.07931845745040725,0.1374934765277432,0.26653081482285823,0.625,"0.0792019,-0.0039142,-0.0408529,0.156996,-0.0459936",22.6,27.8
M-D (D-M),ZERNIKE,3,accuracy,"101,202,303,404,505",5,0.12200000000000003,0.033940307076460674,0.11000000000000004,0.020000000000000018,0.07985754261517836,0.1641424573848217,2.875636916900218,0.0625,"0.176667,0.11,0.0866667,0.108333,0.128333",84.13,88.7
M-D (D-M),ZERNIKE,3,f1_macro,"101,202,303,404,505",5,0.10999640416372976,0.03824938352025106,0.10942283866868102,0.05029602280280432,0.06250352169314566,0.15748928663431386,2.3006154670282175,0.0625,"0.165031,0.109423,0.0764365,0.0723592,0.126732",84.13,88.7
M-D (D-M),ZERNIKE,3,min_separation,"101,202,303,404,505",5,-0.10202680635438395,0.12425646044157589,-0.04150622907776036,0.07375019191404042,-0.2563115798289189,0.052257967120151,-0.6568788841517398,0.0625,"-0.0382763,-0.0415062,-0.313115,-0.112026,-0.00520993",84.13,88.7
M-D (D-M),ZERNIKE,3,min_separation_ratio,"101,202,303,404,505",5,-0.06801787090292263,0.08283764029438392,-0.027670819385173573,0.049166794609360284,-0.1708743865526126,0.03483864474676733,-0.6568788841517398,0.0625,"-0.0255175,-0.0276708,-0.208743,-0.0746843,-0.00347329",84.13,88.7
M-D (D-M),ZERNIKE,4,accuracy,"101,202,303,404,505",5,0.1525,0.08788753466789248,0.16499999999999998,0.14500000000000007,0.04337321231199269,0.2616267876880073,1.3881376973539077,0.0625,"0.22875,0.165,0.0425,0.2425,0.08375",63.45,70.1
M-D (D-M),ZERNIKE,4,f1_macro,"101,202,303,404,505",5,0.16083105047421561,0.08607253049692223,0.1528954012920934,0.16072088710893906,0.05395788812189173,0.2677042128265395,1.4948420783791558,0.0625,"0.25308,0.152895,0.083393,0.244114,0.0706732",63.45,70.1
M-D (D-M),ZERNIKE,4,min_separation,"101,202,303,404,505",5,-0.011966123768597469,0.03523030561814974,0.005749861623759567,0.06308440388266912,-0.05571032590036981,0.03177807836317488,-0.27172341672637285,0.5,"0.0194769,-0.0523916,0.0152093,-0.0478751,0.00574986",63.45,70.1
M-D (D-M),ZERNIKE,4,min_separation_ratio,"101,202,303,404,505",5,-0.008974592826448103,0.026422729213612307,0.004312396217819675,0.04731330291200184,-0.04178274442527736,0.023833558772381157,-0.27172341672637285,0.5,"0.0146077,-0.0392937,0.011407,-0.0359063,0.0043124",63.45,70.1
M-D (D-M),ZERNIKE,5,accuracy,"101,202,303,404,505",5,0.19799999999999998,0.0798404659305042,0.25299999999999995,0.13300000000000006,0.09886496785427872,0.29713503214572123,1.9839563578934598,0.0625,"0.1,0.255,0.122,0.253,0.26",53.5,63.3
M-D (D-M),ZERNIKE,5,f1_macro,"101,202,303,404,505",5,0.17906378168926831,0.06797883140151068,0.19442972290367566,0.0935016807429111,0.09465691409804898,0.26347064928048763,2.1072887308891164,0.0625,"0.0894161,0.255471,0.13125,0.19443,0.224752",53.5,63.3
M-D (D-M),ZERNIKE,5,min_separation,"101,202,303,404,505",5,-0.009309590690606839,0.15783816997718095,0.006570019762711654,0.11612596480086379,-0.20529156389363865,0.186672382512425,-0.04718549735822583,0.875,"-0.265063,0.00657002,0.0920431,-0.0240829,0.143985",53.5,63.3
M-D (D-M),ZERNIKE,5,min_separation_ratio,"101,202,303,404,505",5,-0.007447672552485468,0.12627053598174479,0.005256015810169323,0.09290077184069104,-0.16423325111491097,0.14933790600994004,-0.0471854973582258,0.875,"-0.21205,0.00525602,0.0736344,-0.0192663,0.115188",53.5,63.3
M-D (D-M),ZERNIKE,6,accuracy,"101,202,303,404,505",5,0.184,0.07867699437856307,0.18333333333333335,0.024166666666666614,0.0863096085932583,0.2816903914067417,1.8709408151985434,0.0625,"0.0691667,0.183333,0.200833,0.176667,0.29",40.48,50.2
M-D (D-M),ZERNIKE,6,f1_macro,"101,202,303,404,505",5,0.18506275496427405,0.09267671334933456,0.17803776266579344,0.04272508467522046,0.06998941652655513,0.300136093401993,1.5974908757646646,0.0625,"0.0464893,0.178038,0.220498,0.177773,0.302515",40.48,50.2
M-D (D-M),ZERNIKE,6,min_separation,"101,202,303,404,505",5,0.02332666489495443,0.06364281894064301,0.03939534285137092,0.10073240042697384,-0.05569633212784261,0.10234966191775147,0.2932197571790179,0.4375,"-0.0595557,-0.0252314,0.086524,0.075501,0.0393953",40.48,50.2
M-D (D-M),ZERNIKE,6,min_separation_ratio,"101,202,303,404,505",5,0.01943888741246202,0.053035682450535845,0.03282945237614243,0.08394366702247821,-0.04641361010653551,0.08529138493145956,0.2932197571790178,0.4375,"-0.0496297,-0.0210261,0.0721033,0.0629175,0.0328295",40.48,50.2
M-D (D-M),ZERNIKE,7,accuracy,"101,202,303,404,505",5,0.16585714285714284,0.06190306774238548,0.12642857142857145,0.08071428571428568,0.08899433226305403,0.24271995345123165,2.143443275507708,0.0625,"0.122857,0.257143,0.119286,0.126429,0.203571",29.06,37.2
M-D (D-M),ZERNIKE,7,f1_macro,"101,202,303,404,505",5,0.1693230094129912,0.08201534074152617,0.1237182978657127,0.09523189765733434,0.06748751351382376,0.2711585053121586,1.6516228098996044,0.0625,"0.123718,0.297064,0.111285,0.108032,0.206516",29.06,37.2
M-D (D-M),ZERNIKE,7,min_separation,"101,202,303,404,505",5,0.04434754056716126,0.10340457722875424,0.0021067413109676636,0.009262364769861198,-0.08404620022726364,0.17274128136158615,0.34309924574464057,0.75,"-0.00770898,-0.00552037,0.229118,0.00210674,0.00374199",29.06,37.2
M-D (D-M),ZERNIKE,7,min_separation_ratio,"101,202,303,404,505",5,0.038012177628995364,0.08863249476750362,0.0018057782665437117,0.00793916980273817,-0.07203960019479738,0.1480639554527881,0.3430992457446405,0.75,"-0.0066077,-0.00473175,0.196387,0.00180578,0.00320742",29.06,37.2
M-D (D-M),ZERNIKE,8,accuracy,"101,202,303,404,505",5,0.136875,0.06500150238648333,0.145,0.045625,0.05616497465754758,0.21758502534245241,1.6845764479248384,0.0625,"0.10125,0.233125,0.146875,0.058125,0.145",44.8,48.6
M-D (D-M),ZERNIKE,8,f1_macro,"101,202,303,404,505",5,0.12619064636007188,0.07108839263155455,0.08567041060899327,0.0686364605727667,0.03792274853929686,0.2144585441808469,1.4200984626461641,0.0625,"0.0833092,0.239892,0.151946,0.0701358,0.0856704",44.8,48.6
M-D (D-M),ZERNIKE,8,min_separation,"101,202,303,404,505",5,0.05090020935649704,0.11873107750356783,0.012800562891243317,0.042341510701803475,-0.09652389504762397,0.19832431376061804,0.34296132353363007,0.5625,"-0.0443553,0.0128006,0.256677,0.03586,-0.00648154",44.8,48.6
M-D (D-M),ZERNIKE,8,min_separation_ratio,"101,202,303,404,505",5,0.04453768318693492,0.10388969281562185,0.011200492529837902,0.03704882186407804,-0.08445840816667098,0.1735337745405408,0.3429613235336301,0.5625,"-0.0388108,0.0112005,0.224593,0.0313775,-0.00567135",44.8,48.6
M-D (D-M),ZERNIKE,9,accuracy,"101,202,303,404,505",5,0.21822222222222223,0.07970566998125347,0.26111111111111107,0.13666666666666663,0.1192545613537893,0.31718988309065516,2.1902805386221327,0.0625,"0.261111,0.271667,0.128889,0.135,0.294444",29.4,33.0
M-D (D-M),ZERNIKE,9,f1_macro,"101,202,303,404,505",5,0.21602432631088644,0.07847108199912216,0.22221143845426475,0.13188756675840754,0.118589608892481,0.3134590437292919,2.202333097059149,0.0625,"0.222211,0.273675,0.141788,0.132613,0.309835",29.4,33.0
M-D (D-M),ZERNIKE,9,min_separation,"101,202,303,404,505",5,0.03927829690675537,0.08485286890378048,0.017631102493047335,0.07710951955341472,-0.06608045555537254,0.14463704936888327,0.3703190938780894,0.375,"0.0628547,0.0176311,0.173658,-0.0434976,-0.0142548",29.4,33.0
M-D (D-M),ZERNIKE,9,min_separation_ratio,"101,202,303,404,505",5,0.03491404169489367,0.07542477235891598,0.015672091104930966,0.06854179515859087,-0.05873818271588669,0.12856626610567404,0.3703190938780895,0.375,"0.0558708,0.0156721,0.154363,-0.0386646,-0.0126709",29.4,33.0
M-D (D-M),ZERNIKE,10,accuracy,"101,202,303,404,505",5,0.21989999999999998,0.059303667677471694,0.19949999999999998,0.07300000000000004,0.14626477088344314,0.29353522911655683,2.966426983180141,0.0625,"0.1995,0.269,0.1445,0.196,0.2905",22.6,27.8
M-D (D-M),ZERNIKE,10,f1_macro,"101,202,303,404,505",5,0.22692356827214444,0.06132723041396384,0.21732280365285975,0.08597412076836242,0.1507757541575786,0.3030713823867103,2.9601671784672714,0.0625,"0.217323,0.278417,0.148773,0.192443,0.297662",22.6,27.8
M-D (D-M),ZERNIKE,10,min_separation,"101,202,303,404,505",5,0.042909005928051136,0.055142250583477034,0.02568013969504168,0.013643898330680693,-0.02555914140138281,0.11137715325748508,0.6225209232342577,0.0625,"0.0275834,0.0139395,0.0256801,0.00696597,0.140376",22.6,27.8
M-D (D-M),ZERNIKE,10,min_separation_ratio,"101,202,303,404,505",5,0.038618105335246025,0.04962802552512933,0.023112125725537513,0.012279508497612623,-0.02300322726124452,0.10023943793173656,0.6225209232342578,0.0625,"0.024825,0.0125455,0.0231121,0.00626937,0.126338",22.6,27.8
