track,model_code,architecture,feature_method,K,n_seeds,seeds,accuracy_mean,accuracy_sd,accuracy_median,accuracy_iqr,f1_macro_mean,f1_macro_sd,f1_macro_median,f1_macro_iqr,min_separation_ratio_mean,min_separation_ratio_sd,min_separation_ratio_median,min_separation_ratio_iqr,min_separation_mean,min_separation_sd,min_separation_median,min_separation_iqr,min_separation_val_ratio_mean,min_separation_val_ratio_sd,min_separation_val_ratio_median,min_separation_val_ratio_iqr,yodd_norm_fraction_mean,yodd_norm_fraction_sd,yodd_norm_fraction_median,yodd_norm_fraction_iqr,runtime_mean_sec,runtime_median_sec,runtime_iqr_sec
ABLATION,B,MORE-HD-60P,HU,3,5,"101,202,303,404,505",0.7153333333333334,0.07013281051769643,0.7283333333333334,0.02833333333333332,0.7079963817523172,0.08588135386884928,0.7266581632653061,0.031114573069127016,0.18162877248561465,0.11606567395915565,0.18271592632813735,0.05860557820742249,0.27244315872842195,0.1740985109387335,0.274073889492206,0.08790836731113372,0.14733188107048803,0.09951739339501882,0.17077499392421616,0.11570517905652786,0.0,0.0,0.0,0.0,430.17510046040115,430.093919540006,4.344749781994324
ABLATION,B,MORE-HD-60P,HU,6,5,"101,202,303,404,505",0.37283333333333335,0.021615323782497975,0.38,0.030000000000000027,0.34873401732065334,0.03141102728708888,0.34274781115368014,0.04670863542984638,0.10742928478896521,0.0668375354352366,0.11605157104662109,0.09087327051139146,0.12891514174675825,0.08020504252228391,0.1392618852559453,0.10904792461366974,0.02407766928284629,0.018603691875579607,0.01738895028923243,0.024285960111180095,0.0,0.0,0.0,0.0,604.6379077089965,605.7411754079949,1.9381311569959507
ABLATION,B,MORE-HD-60P,HU,10,5,"101,202,303,404,505",0.2706,0.03939765221431348,0.2945,0.0645,0.2574300106677947,0.04377596241559943,0.2839797491315414,0.07023192333520203,0.05410396740788666,0.032016381947532584,0.06355474763404385,0.028313049857295026,0.06011551934209629,0.03557375771948065,0.07061638626004874,0.03145894428588336,0.024827110346683206,0.016085198861350472,0.0156919520040118,0.024235975827717627,0.0,0.0,0.0,0.0,811.1084580417998,809.2480419120038,4.356243344001996
ABLATION,B,MORE-HD-60P,PCA,3,5,"101,202,303,404,505",0.9550000000000001,0.015898986690282425,0.9533333333333334,0.023333333333333317,0.9547435497541024,0.016119327401553855,0.9532228476130915,0.02360258471694965,0.45172470920315677,0.17336413268711917,0.44372665456852617,0.045200344182717844,0.6775870638047351,0.26004619903067877,0.6655899818527893,0.0678005162740768,0.3688847132507891,0.15868302465404593,0.37702786729954885,0.08889853822968274,0.0,0.0,0.0,0.0,420.1737556181994,419.3663934720025,3.4942940520049888
ABLATION,B,MORE-HD-60P,PCA,6,5,"101,202,303,404,505",0.708,0.03896045003162397,0.7041666666666667,0.04833333333333334,0.7063041633654865,0.03749354223746584,0.6964904860870026,0.04357435921813413,0.21413827706639882,0.12692462550940842,0.18263684545080094,0.09828849557782682,0.2569659324796786,0.1523095506112901,0.21916421454096113,0.11794619469339218,0.17724261057566099,0.127459378913537,0.12039950348259998,0.0438810090087797,0.0,0.0,0.0,0.0,605.9689020321996,607.773667540001,3.4100012940034503
ABLATION,B,MORE-HD-60P,PCA,10,5,"101,202,303,404,505",0.5875999999999999,0.028061094062776636,0.5735,0.03500000000000003,0.580638145999361,0.02786716372230834,0.5650076562866267,0.043078576413098535,0.17131760054331951,0.09079522051896109,0.18987292334834086,0.12358358107801676,0.19035288949257725,0.10088357835440123,0.21096991483148986,0.1373150900866853,0.08758759417067256,0.016539382960114056,0.08837537014377875,0.018559115189958356,0.0,0.0,0.0,0.0,819.3472485009988,816.6722434659969,1.373516704996291
ABLATION,B,MORE-HD-60P,ZERNIKE,3,5,"101,202,303,404,505",0.7673333333333334,0.06491019437140312,0.7983333333333333,0.11333333333333329,0.7565447783638991,0.07125036403568409,0.7886673184006837,0.10892494736818059,0.027197831219000008,0.017953722649853128,0.03567578565498327,0.025701943309616684,0.040796746828500006,0.026930583974779692,0.0535136784824749,0.038552914964425034,0.022655536786612245,0.012817738954395834,0.023775796310925596,0.010201869593492896,0.0,0.0,0.0,0.0,409.22785992379943,409.05008620299486,1.3147922459975234
ABLATION,B,MORE-HD-60P,ZERNIKE,6,5,"101,202,303,404,505",0.5351666666666667,0.0697201748260701,0.5258333333333334,0.05499999999999994,0.5328930463962842,0.0721803561236227,0.5366271227471341,0.015026883786328438,0.061608301887990644,0.03659423325744941,0.07146272473308023,0.06741406103345227,0.07392996226558876,0.04391307990893929,0.08575526967969627,0.08089687324014272,0.023332364875156497,0.01382459089492696,0.02719185343246768,0.016210732224279285,0.0,0.0,0.0,0.0,598.1746238871987,597.5476651739955,2.184336615006032
ABLATION,B,MORE-HD-60P,ZERNIKE,10,5,"101,202,303,404,505",0.4250999999999999,0.04219360141064047,0.4395,0.031000000000000028,0.4260663829337955,0.043678200982072264,0.44192945532066313,0.03798090107012442,0.06071096009575459,0.0451403551193411,0.050818259932128004,0.07925876182632097,0.06745662232861623,0.050155950132601226,0.05646473325792001,0.08806529091813442,0.024185918490374145,0.012855888930616132,0.017767847560923134,0.016556496418515743,0.0,0.0,0.0,0.0,808.5030244043985,814.6716320289997,10.68432872500125
ABLATION,C,MORE-HD-C-FixedRZ,HU,3,5,"101,202,303,404,505",0.642,0.05965642370180172,0.6466666666666666,0.05999999999999994,0.6345849282360333,0.06292230971550022,0.6205577588903706,0.05677612640320495,0.06398592676039376,0.0808491891186855,0.011248548740003214,0.11712957993317515,0.09597889014059065,0.12127378367802825,0.01687282311000482,0.17569436989976273,0.06090144865006865,0.07949231216532213,0.029676902235056774,0.03048070645251381,0.43106394766794665,0.2711714991162846,0.3372237929979331,0.44474900090774205,344.0552285380007,343.12847005700314,5.031129893002799
ABLATION,C,MORE-HD-C-FixedRZ,HU,6,5,"101,202,303,404,505",0.32133333333333336,0.03425091239660631,0.32,0.009166666666666656,0.3146153319188391,0.028955274212262978,0.30671064805294174,0.03248561375894471,0.04626901626927472,0.06476902392096485,0.02576816984135255,0.027928118861599016,0.05552281952312965,0.07772282870515781,0.03092180380962306,0.03351374263391882,0.05218811614140036,0.07253085785082757,0.014671289775897156,0.07549461773784794,0.4511329579644439,0.10006640539268499,0.3955447128406089,0.09439762144204533,524.7502019003994,524.9193720969997,2.146974831004627
ABLATION,C,MORE-HD-C-FixedRZ,HU,10,5,"101,202,303,404,505",0.217,0.0549044624780172,0.2225,0.07149999999999998,0.17620239938435675,0.058023393484924,0.17430606637909737,0.03964412806666309,0.024325044829423277,0.018050776353530334,0.02314006817621639,0.0009883049924119015,0.027027827588248086,0.02005641817058926,0.025711186862462654,0.0010981166582354485,0.01431689000444972,0.018654470384959813,0.009389361071405132,0.007683340974161978,0.3766944110408187,0.21351813191329513,0.4099210439035497,0.2167717885916493,722.512544651999,722.605544951999,1.821765314998629
ABLATION,C,MORE-HD-C-FixedRZ,PCA,3,5,"101,202,303,404,505",0.8940000000000001,0.07141039451259491,0.935,0.09166666666666667,0.8891162083241063,0.07925482660452396,0.9340449249671163,0.09300664997321295,0.46604194245572,0.32953410057364735,0.5842357910119184,0.4176106476604329,0.69906291368358,0.49430115086047105,0.8763536865178775,0.6264159714906493,0.38988449090313326,0.33667688611033697,0.2730918081613083,0.5215392680340247,0.3785486974519105,0.22329894142517223,0.29829450356224846,0.3929060043655289,337.55832631619995,336.50101509100205,2.878284441998403
ABLATION,C,MORE-HD-C-FixedRZ,PCA,6,5,"101,202,303,404,505",0.5945,0.09276912800663328,0.5966666666666667,0.07166666666666666,0.5734379628641463,0.10068768389029062,0.5784287547648622,0.0499138679393214,0.1250562677726373,0.06851312827894147,0.11956004232989723,0.08692092894793124,0.1500675213271647,0.08221575393472975,0.14347205079587666,0.10430511473751747,0.13214830834115854,0.15238450180925672,0.04008738703134822,0.19119619376404487,0.2939376171084206,0.10908433290300419,0.24752816609721934,0.10195166964198152,524.166054589799,524.640280656,1.6590414089951082
ABLATION,C,MORE-HD-C-FixedRZ,PCA,10,5,"101,202,303,404,505",0.38409999999999994,0.0601044923445827,0.355,0.05600000000000005,0.3718564780917129,0.0575547799936536,0.34636836071075694,0.06252447903747527,0.034093674971538,0.0407234878267376,0.017847596377301954,0.02071866426370767,0.03788186107948668,0.04524831980748622,0.019830662641446617,0.023020738070786306,0.015621954999824657,0.01707374996733016,0.0061117134262897105,0.023254466673368612,0.32662440385833647,0.06888766017468394,0.323362299421124,0.07684124464774056,726.6612530083992,726.7026167720032,4.227351442001236
ABLATION,C,MORE-HD-C-FixedRZ,ZERNIKE,3,5,"101,202,303,404,505",0.7536666666666666,0.06717927921283137,0.755,0.09499999999999997,0.7430155010183868,0.07089901405289234,0.7279502939859154,0.11728683663829975,0.042214866270992676,0.06355455121834078,0.017533992102219065,0.005850715547951321,0.06332229940648901,0.09533182682751117,0.026300988153328597,0.00877607332192698,0.013182817548763664,0.014944957447703548,0.00870710758040912,0.0022363949810082495,0.30437307378329326,0.23106192086783142,0.35984582823679184,0.41859025940133304,327.21633408880007,327.1651898019991,1.1086405330061098
ABLATION,C,MORE-HD-C-FixedRZ,ZERNIKE,6,5,"101,202,303,404,505",0.42749999999999994,0.04548351349665063,0.43083333333333335,0.05499999999999999,0.40651058747749325,0.04371564688059948,0.38071505907623865,0.07119285344091181,0.018821643427402314,0.02023203533224023,0.0075231899157020745,0.02727789322515014,0.02258597211288278,0.024278442398688274,0.009027827898842489,0.032733471870180164,0.012503281373614932,0.018403160749317988,0.0037851018547954696,0.01213755197408804,0.40796944264848667,0.2278914325700457,0.4382176572379039,0.10693652058421443,519.0466648036003,518.7601601770002,2.707358291001583
ABLATION,C,MORE-HD-C-FixedRZ,ZERNIKE,10,5,"101,202,303,404,505",0.3388,0.046492741368949195,0.356,0.04949999999999999,0.33521360989832133,0.044669536390592644,0.3523005170653834,0.06039327090289126,0.0398753393221647,0.04689017530958882,0.02445201761880803,0.017076721648961044,0.044305932580183005,0.05210019478843202,0.027168908465342256,0.018974135165512274,0.04691495195198251,0.052762995428126264,0.019853079983254186,0.0664662356641109,0.308056840753575,0.11512392060443691,0.32876218080241065,0.13971091658483928,722.8999748739996,724.8740867559973,4.763470010999299
MORE_REFERENCE,M,MORE-REPRO,HU,3,5,"101,202,303,404,505",0.6573333333333332,0.0673155917220438,0.6566666666666666,0.1166666666666667,0.6569216203694077,0.0674825962566673,0.6551457235317405,0.12109997864591038,0.28996794657932884,0.30460444240698215,0.09247589395838385,0.4718245572873718,0.4349519198689932,0.4569066636104733,0.13871384093757577,0.7077368359310577,0.08906569929965483,0.12744871572865749,0.04344900761427269,0.06944497717258054,0.2969548389235404,0.16483182871559784,0.20725114543272904,0.2297187384846571,187.78975833059957,186.88851202800288,2.887202353995235
MORE_REFERENCE,M,MORE-REPRO,HU,4,5,"101,202,303,404,505",0.502,0.039177081948506574,0.4825,0.06999999999999995,0.502657460864259,0.04464432362582443,0.4777922632251297,0.07864852588932103,0.06624951284375671,0.0808112403173789,0.04027900130897888,0.005971546008253392,0.08833268379167561,0.10774832042317185,0.053705335078638505,0.007962061344337856,0.03606031875687464,0.054004230984645435,0.02112001950710707,0.014464730348261484,0.45470003347262866,0.1983901021871536,0.4070818765162819,0.19375095365976802,211.28982322639786,211.22137212199596,0.13370358900283463
MORE_REFERENCE,M,MORE-REPRO,HU,5,5,"101,202,303,404,505",0.42119999999999996,0.026696441710460223,0.41,0.03700000000000003,0.4228969784084368,0.02813551008449994,0.42149655276955295,0.01809991808004907,0.07649909570834865,0.08285856494550091,0.027416489891428596,0.08782153493083095,0.09562386963543582,0.10357320618187614,0.034270612364285746,0.10977691866353867,0.002369286059589637,0.002205105274233238,0.0012460679118863282,0.002671547452206902,0.2859799347925295,0.14379341189294528,0.22836650479038917,0.02177455777644627,233.8455906864023,233.53119348100154,1.543381800998759
MORE_REFERENCE,M,MORE-REPRO,HU,6,5,"101,202,303,404,505",0.313,0.03807704178519008,0.31583333333333335,0.043333333333333335,0.307993520636905,0.03532351201080147,0.3182096171802054,0.023314715033369626,0.013046971603465057,0.009065769259791657,0.009441000165767249,0.016959108845276495,0.015656365924158068,0.010878923111749988,0.011329200198920697,0.020350930614331797,0.003863300951880292,0.0031048217151378064,0.002591980460400027,0.003980930348809289,0.377181967773837,0.14786049680104132,0.4434173731829327,0.22872284952459715,273.79591823820084,274.62760232899745,1.1734905430057552
MORE_REFERENCE,M,MORE-REPRO,HU,7,5,"101,202,303,404,505",0.29642857142857143,0.02988498360210291,0.2978571428571429,0.021428571428571408,0.28506919742782977,0.030307258749685033,0.2917956886404859,0.028859453736183094,0.022209962747178808,0.02004857770038114,0.015956903405019065,0.011389156175093776,0.025911623205041943,0.023390007317111338,0.018616387305855575,0.013287348870942739,0.019470317391088475,0.026430218593046097,0.00830584940753828,0.014469394265679787,0.3002957623908948,0.07150512861639069,0.28142326688837055,0.045339555491368866,294.4530396964008,295.614509291001,2.2809642189968145
MORE_REFERENCE,M,MORE-REPRO,HU,8,5,"101,202,303,404,505",0.2615,0.03998681423294434,0.256875,0.027499999999999997,0.25334467768079894,0.044655992941921206,0.24769399374120182,0.03226701139731933,0.007020752663337293,0.004998570377715303,0.006292082689389619,0.004935484163250209,0.008023717329528335,0.005712651860246061,0.007190951645016708,0.00564055332942881,0.01017999914974467,0.016319395377802366,0.003554580026691262,0.002498846965797316,0.34468618489618014,0.14835143877473658,0.39785997083924657,0.17516836427825044,316.9410548903994,317.00816822199704,1.8622687840033905
MORE_REFERENCE,M,MORE-REPRO,HU,9,5,"101,202,303,404,505",0.21177777777777776,0.048957338445368134,0.205,0.07500000000000001,0.19428281226601288,0.046576067600853685,0.17329282579975883,0.05176108731310078,0.00829511711343266,0.00802084694147167,0.008318840416287129,0.008710736123651981,0.009332006752611744,0.00902345280915563,0.00935869546832302,0.009799578139108478,0.0037442824089057363,0.0017528593820933394,0.003985013269402297,0.0010341480485605262,0.303407769753224,0.2127380415986066,0.22990220446695564,0.14629755415601586,337.7242565777997,336.25177196299774,4.331588636996457
MORE_REFERENCE,M,MORE-REPRO,HU,10,5,"101,202,303,404,505",0.1947,0.02519325306505692,0.2025,0.032,0.17359324120192965,0.019855262798486317,0.16696142910154257,0.020698453399489086,0.0031673988137439135,0.0012236681388094718,0.0034684881142816315,0.0014310788627185374,0.003519332015271015,0.0013596312653438578,0.003853875682535146,0.0015900876252428198,0.0020719640713630196,0.001988927015153983,0.0023888276175647372,0.0021447856341671786,0.46430656939609516,0.18347174503469577,0.5579791350731172,0.15918247348004594,355.4142879857973,365.6104542549947,6.09984964600153
MORE_REFERENCE,M,MORE-REPRO,PCA,3,5,"101,202,303,404,505",0.5589999999999999,0.09470421790442542,0.6033333333333334,0.030000000000000027,0.5512103208600476,0.09024631073920719,0.5843636553952145,0.03718285264139598,0.36811207353738906,0.28640317413001404,0.32086926219999934,0.4452671847256219,0.5521681103060836,0.429604761195021,0.481303893299999,0.6679007770884329,0.07777903401684176,0.08345950318067735,0.04446333473027756,0.053595134348262796,0.3308422040339333,0.09193206903161646,0.36702276287492575,0.13576609089710365,188.71056102379953,190.43771840300178,2.9818462239927612
MORE_REFERENCE,M,MORE-REPRO,PCA,4,5,"101,202,303,404,505",0.458,0.021697494094941015,0.45875,0.021250000000000047,0.4295071283854536,0.026740764911071947,0.4146450125818168,0.03114798851818834,0.27702629785750793,0.2833191538627256,0.1365862109637711,0.47659164369937734,0.36936839714334396,0.37775887181696743,0.1821149479516948,0.635455524932503,0.05010035411498811,0.06504950622346914,0.016821913430934976,0.03094045296256573,0.3654884092437953,0.10060062154308327,0.3482986592539454,0.031792021298945705,212.00454294379887,211.17053695499635,3.1727820450032596
MORE_REFERENCE,M,MORE-REPRO,PCA,5,5,"101,202,303,404,505",0.37279999999999996,0.02291724241700995,0.37,0.006000000000000005,0.3425405510475613,0.029861634783713353,0.34131328695890756,0.02998182503955521,0.1146646017437424,0.09931126555314121,0.10340250707972834,0.06921128792968245,0.143330752179678,0.12413908194142652,0.12925313384966042,0.08651410991210307,0.018983275946437422,0.021911059723736772,0.012347001839427208,0.011804273930126907,0.3073296367594127,0.08885125646636988,0.277938356572503,0.11282675595217301,233.5490038782009,232.6271715490002,4.056798371006153
MORE_REFERENCE,M,MORE-REPRO,PCA,6,5,"101,202,303,404,505",0.31466666666666665,0.01969031064593276,0.31666666666666665,0.02250000000000002,0.2827967837791444,0.027418962533668514,0.28346506841626146,0.03325695593778255,0.1825672733176132,0.08432726367686295,0.21451853438963037,0.1361328296819485,0.21908072798113584,0.10119271641223555,0.2574222412675564,0.16335939561833823,0.030617721260894053,0.03356592796662551,0.013471704476958706,0.03223823167910358,0.348870407706377,0.052780766732345115,0.3245092759114958,0.07640127893652265,274.73556069500046,275.344778273,2.5186812989923055
MORE_REFERENCE,M,MORE-REPRO,PCA,7,5,"101,202,303,404,505",0.255,0.037833550600233225,0.265,0.03642857142857145,0.24331632892520214,0.033294211337325186,0.24616994539260298,0.03192132410871454,0.06643050381750633,0.12404325391116366,0.006661707723468968,0.019870873926521045,0.07750225445375739,0.1447171295630243,0.0077719923440471295,0.023182686247607887,0.02242101468630209,0.020644597350684798,0.02482791559458976,0.031701692608483115,0.3384405728864809,0.15021094031481227,0.2773515224728408,0.05684362533990617,293.6904689898016,295.12964937200013,2.2784868250018917
MORE_REFERENCE,M,MORE-REPRO,PCA,8,5,"101,202,303,404,505",0.213125,0.039347708796065875,0.224375,0.045625,0.2101666334563923,0.040442189118773696,0.22381644949682847,0.0369819654420267,0.04012029506952316,0.020206005148495576,0.03346723200926344,0.024951092000940076,0.04585176579374075,0.023092577312566375,0.03824826515344393,0.028515533715360086,0.00884803132646175,0.006864489402910794,0.009198997734384581,0.009903130095243018,0.36747637411830414,0.07100224016239237,0.37885030745929027,0.04532248035278302,319.6040344028021,319.7411725380007,0.7088010599982226
MORE_REFERENCE,M,MORE-REPRO,PCA,9,5,"101,202,303,404,505",0.20422222222222225,0.02980285014127357,0.2038888888888889,0.03611111111111112,0.18727043786460787,0.025914735483354167,0.19266532126823355,0.01765910747079305,0.0369270298135658,0.016470405366155436,0.027665647619848147,0.01451677586084078,0.041542908540261526,0.01852920603692487,0.031123853572329163,0.01633137284344588,0.002507412854509698,0.0015485284502870815,0.002980942365704367,0.0019134437992770852,0.3614738550090333,0.09964795669759673,0.37728395938335185,0.12259112162676256,337.4496301261985,338.02235945699795,1.2570031200011726
MORE_REFERENCE,M,MORE-REPRO,PCA,10,5,"101,202,303,404,505",0.19219999999999998,0.02153369452741447,0.1965,0.025999999999999995,0.17554495349778237,0.015617554276571926,0.178329127149331,0.005365098161637688,0.025606627450316704,0.025334058782331397,0.019728249734035395,0.041972789223184696,0.028451808278129674,0.02814895420259044,0.021920277482261552,0.046636432470205214,0.013092791969736648,0.014628514539788029,0.006369260465330961,0.0015550867387359897,0.2792506986628249,0.047843262367220835,0.2533318816131682,0.07895070995116119,365.9893327522004,367.4937784069989,2.9362737740084413
MORE_REFERENCE,M,MORE-REPRO,ZERNIKE,3,5,"101,202,303,404,505",0.5686666666666667,0.06188474951247861,0.5683333333333334,0.03166666666666662,0.5649829837841513,0.05666230868072569,0.5662088279661464,0.0300350010865571,0.11051884102974208,0.16823018026276296,0.028351202268722675,0.05754421784180146,0.16577826154461311,0.25234527039414445,0.04252680340308401,0.08631632676270218,0.11484226599975036,0.18309399626408276,0.05059675237895145,0.07735736726992377,0.2867365593362486,0.1442881474629175,0.2772155255289824,0.18733677008164815,189.9250572332021,190.75972024999646,3.0943687570106704
MORE_REFERENCE,M,MORE-REPRO,ZERNIKE,4,5,"101,202,303,404,505",0.44000000000000006,0.03537742924521226,0.42375,0.0625,0.42201267074496795,0.039027821031397514,0.42051262211593005,0.0156264238372692,0.02875235078115332,0.024597042544252965,0.03101417115136479,0.04410057059549666,0.038336467708204425,0.032796056725670625,0.04135222820181972,0.05880076079399554,0.00901988910139056,0.0028280189800865517,0.009601962099506228,0.0038980948886355726,0.39707177802266014,0.12273039427573329,0.38413728733141206,0.08496822073167076,210.19453362679778,210.17789593899943,0.35799826799484435
MORE_REFERENCE,M,MORE-REPRO,ZERNIKE,5,5,"101,202,303,404,505",0.3822,0.05475125569336287,0.376,0.03200000000000003,0.37740369512382077,0.04711272996595157,0.36627065584208995,0.03709424569177522,0.06168494103153825,0.09546795199048351,0.023907238949426368,0.03599590500447887,0.07710617628942282,0.11933493998810436,0.02988404868678296,0.044994881255598584,0.05724138408352434,0.08046113565337394,0.008628726016487231,0.08658923204590482,0.3592889682324712,0.09769620327920954,0.3297271661042033,0.005656268634485373,232.85489692899864,233.0069386690011,2.999346240001614
MORE_REFERENCE,M,MORE-REPRO,ZERNIKE,6,5,"101,202,303,404,505",0.28300000000000003,0.04898483325366014,0.25916666666666666,0.05249999999999999,0.2743901626951602,0.04837083916013779,0.25775152946580776,0.045895469674321676,0.02766776337492675,0.015890538450234967,0.021504002341832994,0.014501157181275873,0.0332013160499121,0.019068646140281958,0.02580480281019959,0.017401388617531044,0.002421954585202705,0.002793588497497041,0.001539084961570773,0.002567519606635945,0.29913154760546634,0.09614543979200074,0.2950852924759113,0.10235951812863125,271.39311732880014,272.26610720099416,1.5393840040051145
MORE_REFERENCE,M,MORE-REPRO,ZERNIKE,7,5,"101,202,303,404,505",0.2342857142857143,0.040320780078297695,0.23214285714285715,0.07428571428571429,0.2172566232122965,0.05943300556302659,0.20774359915491772,0.08418243644824769,0.008822584339299283,0.005688157887978268,0.009136016477447153,0.006382196331689492,0.010293015062515832,0.006636184202641312,0.010658685890355013,0.007445895720304407,0.008438340461895353,0.007734890403142026,0.00973940107724504,0.012257925018919234,0.4229520338443116,0.10430155709060565,0.4610302869878487,0.015091505722793053,293.7907865702,293.8455906570016,2.0586537119888817
MORE_REFERENCE,M,MORE-REPRO,ZERNIKE,8,5,"101,202,303,404,505",0.217625,0.04331795600556425,0.2,0.05000000000000002,0.20262442343087264,0.0380501293524789,0.1856921395410136,0.06483730805749363,0.014659061097726541,0.01823432458351682,0.006477091678284988,0.004616639998651514,0.016753212683116046,0.020839228095447797,0.007402390489468558,0.005276159998458874,0.015474096929716435,0.013185230350050646,0.019198656651320395,0.017148308175025245,0.3059147667755481,0.06453642334569257,0.31706817032688717,0.08204899428798168,315.19258605920186,314.72775429700414,0.4864794259920018
MORE_REFERENCE,M,MORE-REPRO,ZERNIKE,9,5,"101,202,303,404,505",0.18033333333333332,0.03880268222878604,0.16111111111111112,0.06666666666666665,0.16727735544964015,0.030580323291681342,0.15943141619488135,0.053272045249906,0.02139488514310464,0.02923244045345663,0.003369094491505168,0.03217447740820381,0.024069245785992722,0.03288649551013871,0.0037902313029433143,0.036196287084229284,0.01202545137383595,0.013379432332367951,0.008261052348049623,0.008729954003122289,0.31867484415217157,0.12014172533110982,0.3160944047950545,0.17583420094485125,337.94535532080045,337.1404725760003,6.54290933500306
MORE_REFERENCE,M,MORE-REPRO,ZERNIKE,10,5,"101,202,303,404,505",0.1658,0.0323566067442184,0.157,0.010000000000000009,0.14966004013587114,0.03762480695272468,0.15245980674771525,0.022077872573072588,0.021561350632315485,0.02213391767871665,0.01015372321721798,0.010928076787155384,0.023957056258128318,0.024593241865240725,0.011281914685797756,0.012142307541283759,0.004577356678025803,0.006801010850629669,0.0020553654361294303,0.0004888603273481618,0.2909266731631618,0.09559704179282888,0.272055798258246,0.07812830144909577,347.7245596254012,358.58937173400045,1.5737006890049088
PRIMARY,A,MORE-HD,HU,3,5,"101,202,303,404,505",0.6283333333333333,0.1251221625274897,0.6633333333333333,0.07333333333333336,0.6037082364884879,0.13227946112531053,0.5956675177020393,0.11643700833356896,0.08961152939295416,0.16935450285712625,0.016158820499687716,0.03118220503662054,0.13441729408943126,0.25403175428568936,0.024238230749531575,0.04677330755493081,0.27410797903810435,0.3138804985950341,0.17461101272621624,0.480075026114014,0.0,0.0,0.0,0.0,332.8453899872005,332.47823286999846,6.9155003579980985
PRIMARY,A,MORE-HD,HU,4,5,"101,202,303,404,505",0.44875,0.07549834435270751,0.47125,0.020000000000000018,0.3945152180831454,0.09465764819240256,0.42388438087823566,0.11038894815004813,0.20785910604405405,0.30965727964894335,0.02045454514436154,0.26053541639357347,0.27714547472540535,0.41287637286525775,0.02727272685914872,0.3473805551914313,0.08593894390497538,0.09898424886198444,0.06686467255212766,0.12060419855229204,0.0,0.0,0.0,0.0,372.4370111497997,371.92111874799957,2.717216541999278
PRIMARY,A,MORE-HD,HU,5,5,"101,202,303,404,505",0.3416,0.07449362388822281,0.362,0.061,0.3146233616617787,0.06395604860989297,0.32564348582766095,0.016554921984561488,0.016055780788784304,0.02061015185939573,0.0056425734207649295,0.02327049124439462,0.02006972598598038,0.02576268982424466,0.0070532167759561615,0.029088114055493275,0.01874605217657633,0.03633604145909792,0.00033505062689780373,0.009789056116413342,0.0,0.0,0.0,0.0,420.0822352241995,419.7931755870013,0.9628158129999065
PRIMARY,A,MORE-HD,HU,6,5,"101,202,303,404,505",0.26766666666666666,0.03500198407074789,0.27166666666666667,0.04833333333333334,0.24094052003663008,0.03936144440215506,0.23909862753053512,0.029507689438239587,0.043817552011057366,0.042405023563432974,0.0221871517976834,0.06751744056420465,0.052581062413268834,0.050886028276119565,0.026624582157220078,0.08102092867704558,0.016056070128011028,0.01884212455884417,0.008294061456261641,0.013807750794550546,0.0,0.0,0.0,0.0,514.3141166594005,513.2168508610011,6.335898264998832
PRIMARY,A,MORE-HD,HU,7,5,"101,202,303,404,505",0.23985714285714285,0.042475683319628754,0.23,0.05000000000000002,0.20811114717107917,0.03038834718846675,0.1966121734492554,0.04492378312626505,0.04586251383958574,0.05967349829446148,0.013751870333829961,0.05788267964856986,0.05350626614618337,0.06961908134353839,0.016043848722801624,0.0675297929233315,0.060783123788715185,0.09682661656450113,0.014385928204923142,0.03324195936656321,0.0,0.0,0.0,0.0,567.6152991372,563.2772198560015,6.002663646000656
PRIMARY,A,MORE-HD,HU,8,5,"101,202,303,404,505",0.23362499999999997,0.05082791125454597,0.256875,0.053125000000000006,0.20135136877267973,0.037609204553117455,0.2200375240840071,0.03713574941239278,0.009637173824383111,0.00999877591950815,0.007565054650911909,0.012257125105090208,0.011013912942152126,0.011427172479437885,0.008645776743899325,0.014008142977245952,0.012594360537705077,0.01924746658690873,0.006579172976418482,0.0058204609043231575,0.0,0.0,0.0,0.0,615.9521972932013,613.9780518180014,7.452265756997804
PRIMARY,A,MORE-HD,HU,9,5,"101,202,303,404,505",0.20622222222222222,0.0161894646431591,0.2038888888888889,0.025555555555555554,0.16734114854363896,0.030473018540103477,0.1720566246452907,0.0246091898551557,0.024367999441259634,0.029404643371790665,0.011670572563957846,0.035559980981980016,0.027413999371417086,0.033080223793264495,0.013129394134452577,0.040004978604727515,0.011162825076624727,0.006093183378760323,0.014047530000389151,0.006497245183478285,0.0,0.0,0.0,0.0,684.7930886641989,685.4505120559988,3.550567309001053
PRIMARY,A,MORE-HD,HU,10,5,"101,202,303,404,505",0.2085,0.028140273630510422,0.2155,0.046500000000000014,0.17379163658713564,0.04797607354128361,0.20282365088342608,0.06325996227209038,0.03319070611425361,0.040876176830314984,0.022593030206696074,0.032617768552855,0.03687856234917068,0.04541797425590554,0.02510336689632897,0.03624196505872779,0.007358561679632248,0.007975503636718003,0.004620547829047716,0.013678208961329518,0.0,0.0,0.0,0.0,718.9278500360008,713.8121445840006,10.912029157996585
PRIMARY,A,MORE-HD,PCA,3,5,"101,202,303,404,505",0.8076666666666666,0.1408042376256245,0.755,0.2433333333333333,0.7794628736513805,0.17590316960894947,0.7233442964599369,0.24215259424147828,0.26623833288259824,0.3556073803315023,0.011974175971742218,0.5915014440716386,0.3993574993238974,0.5334110704972534,0.017961263957613327,0.8872521661074579,0.2651401896141097,0.3669715158131779,0.0039304965421840254,0.5668655961630824,0.0,0.0,0.0,0.0,333.44235966500054,334.07035808399996,3.026258937003149
PRIMARY,A,MORE-HD,PCA,4,5,"101,202,303,404,505",0.56875,0.1144484054061043,0.5775,0.06125000000000003,0.5265146302735266,0.14320471472292526,0.5677301198125206,0.1560834546187837,0.0489998287466232,0.05660880725525279,0.016721369555205035,0.10138832174285334,0.0653331049954976,0.07547840967367038,0.022295159406940046,0.13518442899047112,0.013166058906898814,0.01300659006315102,0.011519895670305896,0.01944042261657894,0.0,0.0,0.0,0.0,373.3929616794003,373.1695474490007,4.398155144998782
PRIMARY,A,MORE-HD,PCA,5,5,"101,202,303,404,505",0.6668,0.0593902348875638,0.696,0.03799999999999992,0.6592401061816597,0.06403638216111356,0.6860655131301624,0.0434933477732945,0.04391573619931771,0.0670261729557545,0.01661972805580918,0.012246694567576278,0.05489467024914714,0.08378271619469312,0.020774660069761475,0.015308368209470347,0.024692133061507793,0.037618684962906296,0.005067447554920168,0.014359174092415206,0.0,0.0,0.0,0.0,423.4902922426007,422.7272282390004,0.686441232002835
PRIMARY,A,MORE-HD,PCA,6,5,"101,202,303,404,505",0.5258333333333333,0.0794140870514937,0.5075,0.12666666666666665,0.508067581980495,0.09709695358375098,0.5022722385486825,0.13701630597608366,0.011711027884293419,0.01373982996487491,0.0056537700348306226,0.007393272895592495,0.014053233461152104,0.01648779595784989,0.006784524041796747,0.008871927474710994,0.016121499040877472,0.014230360742168767,0.018871039293852275,0.018821534221910945,0.0,0.0,0.0,0.0,515.5557646332011,515.5597799010029,1.2734245270003157
PRIMARY,A,MORE-HD,PCA,7,5,"101,202,303,404,505",0.5795714285714285,0.12123997959856818,0.6092857142857143,0.16214285714285714,0.5582640504924173,0.14870687856154197,0.5866122116244175,0.15099034202721406,0.14275511575131536,0.14001988165581372,0.1209415735234419,0.09564550509084013,0.16654763504320128,0.16335652859844937,0.14109850244401556,0.11158642260598017,0.11804647968556352,0.18506339108069164,0.03266663974685027,0.03971861966096992,0.0,0.0,0.0,0.0,573.8907476832001,569.8940736720006,5.5202777220001735
PRIMARY,A,MORE-HD,PCA,8,5,"101,202,303,404,505",0.52575,0.09472554928581833,0.575625,0.13312499999999994,0.5142051321648926,0.09938808429199425,0.550929320654349,0.14154809945998764,0.08386170379155403,0.061278445560140574,0.08445640560766768,0.10629797915278988,0.09584194719034747,0.07003250921158921,0.09652160640876306,0.12148340474604558,0.14204105993668956,0.13199483814929067,0.06823173738784875,0.18967842677105728,0.0,0.0,0.0,0.0,614.8049945153996,614.7293477009998,5.5379211740000756
PRIMARY,A,MORE-HD,PCA,9,5,"101,202,303,404,505",0.34244444444444444,0.08759703614130299,0.31444444444444447,0.13111111111111112,0.3200661043155775,0.08995387851549606,0.2913006993203291,0.12808522943734302,0.047729758547790976,0.04515131751895881,0.024535921763889808,0.07033620256955024,0.05369597836626485,0.050795232208828665,0.027602911984376033,0.07912822789074403,0.04501668464473395,0.06516248075130819,0.015402470077930866,0.03982143830818617,0.0,0.0,0.0,0.0,675.5866252834003,675.3424355230018,4.081027718002588
PRIMARY,A,MORE-HD,PCA,10,5,"101,202,303,404,505",0.31829999999999997,0.06651184105104894,0.2945,0.08900000000000002,0.3065175962490461,0.06908732647463778,0.2737793982736055,0.1052502620674452,0.028044049529176728,0.043982120589337426,0.007485517873953095,0.01986369974758061,0.031160055032418588,0.0488690228770416,0.008317242082170107,0.02207077749731179,0.02840322555533743,0.05514404849493869,0.004974431591623252,0.001324799017712075,0.0,0.0,0.0,0.0,719.9369256388,716.6853443790005,8.2680066239991
PRIMARY,A,MORE-HD,ZERNIKE,3,5,"101,202,303,404,505",0.7889999999999999,0.042989016685143606,0.7783333333333333,0.04499999999999993,0.7828947394700925,0.04694754375081541,0.7697058262917776,0.05372567732252864,0.02043781898923432,0.013058009496596941,0.016283846039976197,0.014663919959201206,0.03065672848385148,0.01958701424489541,0.024425769059964297,0.02199587993880181,0.01101408917226072,0.009441827398215022,0.008461066053936594,0.01340803937433336,0.0,0.0,0.0,0.0,316.5953054413998,315.8812551589999,1.7831562650017077
PRIMARY,A,MORE-HD,ZERNIKE,4,5,"101,202,303,404,505",0.5454999999999999,0.07605302426596854,0.53125,0.0625,0.5176406411901642,0.1009380985976396,0.5330712467833901,0.0725101521005716,0.02968158511578326,0.03996541385582101,0.003516840198859922,0.04887619220861569,0.039575446821044344,0.053287218474428015,0.0046891202651465624,0.06516825627815426,0.003042600937538292,0.0037929556806892664,0.0009133796641685732,0.0031609288242592237,0.0,0.0,0.0,0.0,367.5045556538006,367.64429660899987,0.3193783860010626
PRIMARY,A,MORE-HD,ZERNIKE,5,5,"101,202,303,404,505",0.4946,0.09390047923200392,0.479,0.041000000000000036,0.45430306952923705,0.11801413970265984,0.42770576185321596,0.0749803760834768,0.009749407378815194,0.012579107281487102,0.0029787508186696955,0.007649772433059709,0.012186759223518995,0.01572388410185888,0.0037234385233371192,0.009562215541324637,0.006857237661112148,0.004479131890941793,0.006123196055776603,0.0069843757580899885,0.0,0.0,0.0,0.0,418.23784882079946,417.6523606720002,3.0023541969994767
PRIMARY,A,MORE-HD,ZERNIKE,6,5,"101,202,303,404,505",0.4653333333333333,0.041577404386945016,0.4533333333333333,0.05166666666666664,0.453650879379982,0.041111971798162346,0.453736129481251,0.022665912204293093,0.015333007527571534,0.013881940680194778,0.008167749396143231,0.01389951555306246,0.01839960903308584,0.016658328816233733,0.009801299275371878,0.01667941866367495,0.006909419670220814,0.004409851263697463,0.007260192657040643,0.0024995580675926665,0.0,0.0,0.0,0.0,515.8922398495992,513.5262060519999,5.725443858003018
PRIMARY,A,MORE-HD,ZERNIKE,7,5,"101,202,303,404,505",0.37357142857142855,0.05220886233315614,0.37285714285714283,0.03999999999999998,0.3528514280602703,0.05016008762690982,0.361061633368751,0.05128646393094116,0.016464632520918517,0.008897614173070806,0.014100408115951668,0.01040756368718638,0.019208737941071606,0.010380549868582608,0.016450476135276948,0.012142157635050776,0.006363954617801554,0.006535921227863098,0.0023961946951122554,0.010499772982109593,0.0,0.0,0.0,0.0,569.4891638146,566.8895666669996,2.7205881320023764
PRIMARY,A,MORE-HD,ZERNIKE,8,5,"101,202,303,404,505",0.31675,0.06113733260046598,0.32125,0.05687500000000001,0.2927380637951845,0.07201123688201778,0.2913950604833999,0.07164273168816351,0.006603105755678023,0.008910497077160356,0.003958233238867501,0.0060281520534364585,0.007546406577917742,0.010183425231040408,0.0045236951301342865,0.00688931663249881,0.0040042279738663755,0.004770617972654154,0.0013370825120378876,0.006389038446130785,0.0,0.0,0.0,0.0,613.8005638732004,614.4310578290024,2.403192993999255
PRIMARY,A,MORE-HD,ZERNIKE,9,5,"101,202,303,404,505",0.3057777777777778,0.08839236322524255,0.2822222222222222,0.10333333333333333,0.28685455846769525,0.0949868460990608,0.28207671097374276,0.12405920148128072,0.025770101491570684,0.0341739725541532,0.01114952773072295,0.029518456753033107,0.02899136417801702,0.03844571912342235,0.012543218697063319,0.033208263847162245,0.03597297766319375,0.04719606267566193,0.0025065196432662398,0.08030124786094382,0.0,0.0,0.0,0.0,689.4459507319998,690.1758291169972,8.661625923997235
PRIMARY,A,MORE-HD,ZERNIKE,10,5,"101,202,303,404,505",0.2939,0.03294958269841972,0.275,0.04999999999999999,0.26804513835487276,0.03719750760693369,0.2516806093735709,0.044872606360712664,0.013164433110728069,0.014964017211564025,0.0040778339051455665,0.02540145665837945,0.014627147900808967,0.016626685790626695,0.004530926561272852,0.028223840731532723,0.010754077718406958,0.017629315143841535,0.002203892472030422,0.006367639196260965,0.0,0.0,0.0,0.0,716.3632268367998,716.9533264130005,7.550075816998287
PRIMARY,D,MORE-HD-C,HU,3,5,"101,202,303,404,505",0.6216666666666666,0.03456073558887954,0.6183333333333333,0.013333333333333308,0.5978669769813509,0.04441198690734129,0.5949414784803779,0.040916782790594075,0.03326444053742997,0.06545138269844905,0.0013784467811229402,0.01324734682053245,0.049896660806144945,0.09817707404767358,0.0020676701716844104,0.019871020230798675,0.022548581634098598,0.030534894309689264,0.0031727328325446744,0.04110828639252976,0.293321852772816,0.1339155077164478,0.2150509855413326,0.20525171546035115,332.6740593189996,332.52902678900136,2.5290150540004106
PRIMARY,D,MORE-HD-C,HU,4,5,"101,202,303,404,505",0.54625,0.10169270499893292,0.5375,0.08999999999999997,0.5259899131970329,0.10115036924032121,0.5110140101249689,0.11779028584020301,0.1487825508308358,0.08240127104750096,0.18033982422450548,0.10995795191487828,0.19837673444111442,0.10986836139666796,0.2404530989660073,0.14661060255317104,0.10245194641178199,0.08938157807606589,0.1113943654980602,0.1681494249155211,0.4438324858700959,0.18454228452821317,0.4940135695901826,0.18756100195564646,372.32797133020085,373.0684999539999,4.198959976998594
PRIMARY,D,MORE-HD-C,HU,5,5,"101,202,303,404,505",0.387,0.10576625170629807,0.425,0.10300000000000004,0.362649980209408,0.13817968013700313,0.38207807504225016,0.08721469207674393,0.03464601497600946,0.04027411175774266,0.027050513267494303,0.047420654521100045,0.04330751872001182,0.05034263969717833,0.03381314158436788,0.05927581815137506,0.04809606076366636,0.05432723439984431,0.025259145068451082,0.10460474916102011,0.5234572832091675,0.14204271246066535,0.4900326594508557,0.1108316852227681,422.6136769302002,421.71034855000016,3.3163543969985767
PRIMARY,D,MORE-HD-C,HU,6,5,"101,202,303,404,505",0.3171666666666667,0.08861315741280562,0.32083333333333336,0.08916666666666667,0.28837614243769594,0.07828094883838528,0.28965431690982274,0.02005500873231969,0.1294815622136762,0.2116108142748206,0.01989901684314066,0.08149245302177366,0.15537787465641142,0.2539329771297847,0.023878820211768792,0.09779094362612839,0.03566420418277065,0.030413160865750632,0.037874885341477225,0.03351853203573775,0.46543717347680474,0.16933160814432427,0.42332550318238316,0.17484024473270426,516.1166216090003,516.8593609689997,1.3896797929983222
PRIMARY,D,MORE-HD-C,HU,7,5,"101,202,303,404,505",0.33742857142857147,0.060005526956323975,0.3414285714285714,0.06000000000000005,0.30474758885889075,0.05578439118573653,0.3106382101971417,0.04162933284653331,0.046326365790401704,0.03671015563246307,0.025864968445774537,0.04571072393327112,0.054047426755468655,0.04282851490454025,0.030175796520070297,0.05332917792214964,0.03045479118748217,0.0336616395676599,0.01285137749148132,0.022798901905426595,0.5007685732921997,0.11923788596194664,0.5442829353131619,0.10902981160703035,569.7164432191994,566.2406227969987,7.711162443999456
PRIMARY,D,MORE-HD-C,HU,8,5,"101,202,303,404,505",0.254875,0.07676999943011593,0.221875,0.06312499999999999,0.23166688353634335,0.07370523363775781,0.2241629362114968,0.060831961243673016,0.05074466036357583,0.0395904745619609,0.03494262472990223,0.03905110659374458,0.057993897558372386,0.04524625664224103,0.0399344282627454,0.04462983610713667,0.03573522748713511,0.03379757416741599,0.023734617741495365,0.031060025113930426,0.4801821032725975,0.1828123757108746,0.483704033911607,0.1500213994993591,614.2268129708,614.236503053,1.0754606010013958
PRIMARY,D,MORE-HD-C,HU,9,5,"101,202,303,404,505",0.2608888888888889,0.04846183428963507,0.27444444444444444,0.017222222222222194,0.23344745350723478,0.05463203680883387,0.23311721690366616,0.03337961952643756,0.030400834925167385,0.02269362757366309,0.029124642938779033,0.03521485996102916,0.03420093929081332,0.02553033102037098,0.03276522330612641,0.0396167174561578,0.02369834776946388,0.02977198856444823,0.015619684558923375,0.020323574252730025,0.47174767337360085,0.09078520841636535,0.45455490340466786,0.02327489243001374,687.9270499175991,686.9387732939977,1.4758529579985407
PRIMARY,D,MORE-HD-C,HU,10,5,"101,202,303,404,505",0.184,0.009861541461658019,0.1825,0.01100000000000001,0.15841209014173202,0.02277647122720829,0.16246052097557884,0.010797884050118,0.028114193262545835,0.03639817982949257,0.006316917442796943,0.04478333500116602,0.031237992513939817,0.04044242203276952,0.00701879715866327,0.049759261112406694,0.016938387813239156,0.026247013308012296,0.0019490418172922073,0.018310949764682147,0.4417478662018028,0.13148755174452947,0.5000799264175693,0.151059284013132,734.5682586260012,728.9998726490012,12.629619952000212
PRIMARY,D,MORE-HD-C,PCA,3,5,"101,202,303,404,505",0.8979999999999999,0.0997106926173027,0.94,0.013333333333333308,0.8921362335363465,0.1124382482700607,0.9401625632227762,0.01347104453009651,0.5574084260785825,0.33280679882637165,0.5825985776729353,0.17302843011449698,0.8361126391178739,0.4992101982395575,0.8738978665094029,0.2595426451717455,0.5104523838666624,0.29660928810684195,0.5947040813558463,0.08822536841135231,0.5248353559987856,0.2965325487831218,0.5105829292330287,0.38085848910513653,336.44134041580054,335.3827158380009,4.249702155003433
PRIMARY,D,MORE-HD-C,PCA,4,5,"101,202,303,404,505",0.80375,0.05253718920916877,0.79875,0.043749999999999956,0.8010221619033144,0.051798007505393075,0.7890196533522412,0.030986368561387367,0.4076217921792469,0.23312079010862202,0.385137863345027,0.2520932385173475,0.5434957229056625,0.31082772014482934,0.5135171511267026,0.33612431802313003,0.25154440361156966,0.17150292083066848,0.1739096496042633,0.19394549716958243,0.3511551370385242,0.20936762550817017,0.42245657895267735,0.1668198394512566,373.3895257746009,373.3472900490001,0.602486345997022
PRIMARY,D,MORE-HD-C,PCA,5,5,"101,202,303,404,505",0.7682,0.07707593658204874,0.784,0.08300000000000007,0.7485814022674945,0.09581742875994348,0.7770135678681587,0.15132969184946476,0.2866206994326198,0.1626091641713989,0.33815981932549566,0.22377066739619852,0.3582758742907748,0.20326145521424863,0.42269977415686955,0.27971333424524814,0.2211090823632118,0.1454996963567307,0.16319266559336407,0.1161465429257981,0.37172712558695686,0.2463440654712602,0.3652762379756115,0.16329275706884402,423.68465584259985,423.32486585600054,2.4920156879993556
PRIMARY,D,MORE-HD-C,PCA,6,5,"101,202,303,404,505",0.5991666666666667,0.05801999176529108,0.6058333333333333,0.060833333333333295,0.5907404634420089,0.05929864401196911,0.5999921689445616,0.06110111257640294,0.14080914770675831,0.0410148859881416,0.12334747748338232,0.04546616561312075,0.16897097724811,0.049217863185769914,0.14801697298005878,0.05455939873574489,0.06004851354784217,0.022630071040198797,0.06336135318561124,0.023289156237007447,0.4175601687696992,0.0862417275117361,0.4248132847833223,0.03575994506724245,517.5928855449998,517.7877171649998,3.5970059530009166
PRIMARY,D,MORE-HD-C,PCA,7,5,"101,202,303,404,505",0.5551428571428572,0.10994015069433859,0.5664285714285714,0.14500000000000002,0.5443524729780475,0.12468308513956458,0.5743756698776613,0.15105103506424872,0.04146996018133909,0.04972944692385061,0.03310197587884489,0.03307497798396395,0.04838162021156227,0.05801768807782571,0.03861897185865237,0.038587474314624615,0.03455735004186905,0.030341765636487585,0.0330745335308112,0.04361098660113481,0.4241249531526899,0.28949476851408534,0.46791168445815945,0.39529000867149877,572.0632219829997,567.1797349640001,10.700872797999182
PRIMARY,D,MORE-HD-C,PCA,8,5,"101,202,303,404,505",0.567625,0.15663664661406668,0.624375,0.028124999999999956,0.5526571831331235,0.1728771548198208,0.6183247693372338,0.027705538097766436,0.15017568718547222,0.10920604169821925,0.16922751341118267,0.18068430695342722,0.17162935678339683,0.12480690479796486,0.19340287246992305,0.20649635080391682,0.06985470619855257,0.031951926333080756,0.08521845996443557,0.015879072543179454,0.40213555491805464,0.07655693206739526,0.4202248842699416,0.052325058617468,616.8019808537999,615.8774890280001,6.508917776000089
PRIMARY,D,MORE-HD-C,PCA,9,5,"101,202,303,404,505",0.5164444444444445,0.08563722653087985,0.5088888888888888,0.12277777777777776,0.5132763380339732,0.08742579881031676,0.5123763402759391,0.15390411107844676,0.1775139965076984,0.14710383931475593,0.2511106681526005,0.22906802923109895,0.1997032460711607,0.16549181922910042,0.2824995016716756,0.2577015328849863,0.1398703642612733,0.11461497147800288,0.1677296311727035,0.1911400692426197,0.43437389899371937,0.12468461383647951,0.4341445683191795,0.10546748602736022,678.0833277176007,678.6508577259992,8.963911884997287
PRIMARY,D,MORE-HD-C,PCA,10,5,"101,202,303,404,505",0.4215999999999999,0.04974736173909125,0.441,0.08600000000000002,0.4142658741794622,0.04799294244785787,0.4402799330454853,0.08448200099356212,0.05469413698898469,0.06641657946689704,0.015814052207253602,0.06849114858687616,0.0607712633210941,0.07379619940766338,0.01757116911917067,0.07610127620764018,0.04704027039069185,0.046403494102081146,0.030227975285783512,0.057976811003572215,0.4563216155735394,0.14852277517019943,0.49752298933565126,0.12419634807144786,736.7057711605997,731.8026978350008,9.250658448007016
PRIMARY,D,MORE-HD-C,ZERNIKE,3,5,"101,202,303,404,505",0.6906666666666667,0.06209983002302734,0.6766666666666666,0.07833333333333337,0.6749793879478811,0.0581247464120499,0.6714653060543703,0.08586909845632051,0.04250097012681946,0.08695628166376111,0.002833701661172361,0.010530742010064431,0.06375145519022918,0.13043442249564163,0.004250552491758541,0.015796113015096647,0.0038249718068180893,0.006542155280885234,0.0009567604093083659,0.0023495343279383483,0.5274044818499587,0.320910099910931,0.6043398028039888,0.2748696178961857,317.3245442991999,316.841615154,4.62921368500065
PRIMARY,D,MORE-HD-C,ZERNIKE,4,5,"101,202,303,404,505",0.5925,0.08882479242869079,0.57875,0.11624999999999996,0.5828437212191835,0.08872339413606914,0.5734080234080234,0.11131558617791693,0.019777757954705218,0.015392750455029188,0.015605486390791706,0.011917287824078637,0.026370343939606956,0.02052366727337225,0.020807315187722275,0.015889717098771516,0.005326081836594737,0.003248871132148913,0.006447264367599431,0.0038175590349171507,0.21802945038294314,0.18212556790599968,0.1798657911935602,0.13913748696341166,368.83508635440074,369.45764936399974,2.0642306700005975
PRIMARY,D,MORE-HD-C,ZERNIKE,5,5,"101,202,303,404,505",0.5802,0.0682216974283109,0.584,0.05600000000000005,0.5564674768130893,0.07461858912656526,0.575794302772519,0.10950886561487827,0.05423726847905279,0.05317131132039793,0.025978394486477895,0.07985851422122145,0.06779658559881599,0.06646413915049741,0.03247299310809737,0.09982314277652682,0.05260186069049892,0.09223300119014403,0.0200966445402889,0.018979966264694958,0.41638739626940524,0.1275439546543744,0.3970205122468226,0.14652269169137266,419.79374717840057,419.6404568630023,1.48245034699994
PRIMARY,D,MORE-HD-C,ZERNIKE,6,5,"101,202,303,404,505",0.46699999999999997,0.09555139687332909,0.4866666666666667,0.1308333333333333,0.45945291765943425,0.11112067040965079,0.48100781260552056,0.16804235750825913,0.04710665078738878,0.04786232068656422,0.04193003884465178,0.09263218864978467,0.05652798094486653,0.057434784823877066,0.05031604661358213,0.11115862637974161,0.013473493097150568,0.013903895506966104,0.011347707403038995,0.025817107175620062,0.4929038478168164,0.18603942184982283,0.5032767085981352,0.33210347005003865,517.4258266009999,515.970064527999,3.5690040649978982
PRIMARY,D,MORE-HD-C,ZERNIKE,7,5,"101,202,303,404,505",0.4001428571428571,0.04801519742408093,0.3964285714285714,0.03999999999999998,0.38657963262528766,0.05284538968429183,0.39711646826172614,0.024558038033365426,0.04683476196829465,0.09088583204244537,0.00837270888411447,0.005361876859413219,0.05464055562967709,0.10603347071618625,0.009768160364800216,0.006255523002648755,0.017699959602641428,0.029767470375530625,0.001484067853504126,0.013645041521496464,0.5323951624577435,0.19737251645533183,0.4126698317837747,0.2929655566020136,568.0120124292001,566.206289023,4.183071642997675
PRIMARY,D,MORE-HD-C,ZERNIKE,8,5,"101,202,303,404,505",0.3544999999999999,0.04664192052220834,0.34625,0.018750000000000044,0.3288150697909445,0.05783603722700674,0.3222419597488865,0.019493919341929955,0.05919674428466144,0.09546184810822596,0.01767758420812289,0.034018906196285364,0.06765342203961308,0.10909925498082966,0.020202953380711874,0.038878749938611845,0.011923429578145201,0.01452168537066137,0.0047638058852933485,0.01785333762885216,0.6003574289155598,0.221652281231163,0.5703011967699128,0.24555959438329816,612.1427700928001,610.5976910450008,2.5138460460002534
PRIMARY,D,MORE-HD-C,ZERNIKE,9,5,"101,202,303,404,505",0.39855555555555555,0.04405489000478077,0.41388888888888886,0.05499999999999999,0.38330168176052665,0.04963520410902756,0.3816428546491461,0.07156733635042217,0.056308926837998305,0.058754584670245316,0.028808401433106628,0.035567532034107494,0.06334754269274809,0.06609890775402598,0.032409451612244955,0.040013473538370925,0.027728455252541574,0.010933070199065052,0.028116821317217006,0.012692699440172026,0.4398346029852472,0.11456058921883618,0.4744395069931846,0.1648015931181256,693.6346492513991,691.3399436249965,3.7231053679997785
PRIMARY,D,MORE-HD-C,ZERNIKE,10,5,"101,202,303,404,505",0.38570000000000004,0.056167828870270574,0.3995,0.055499999999999994,0.3765836084080155,0.06315931957454073,0.3758439296295961,0.06677577947199692,0.06017945596756151,0.049040535490255645,0.04375117829610553,0.06263860466960966,0.06686606218617945,0.05448948387806183,0.048612420329006145,0.06959844963289963,0.04436098401055558,0.06097558331064476,0.01894693225299292,0.023001605652496163,0.33886855449054104,0.12515164144208435,0.35139205275479546,0.014100898867120737,717.9640681717996,717.5821809839999,5.395722842997202
